page	image	txt	tsv	chars	han_chars	word_count	avg_conf	low_conf_words	status	issues
059	D:\瑞安文化研究\Ruianese\張永愷書之圖\瑞安方言读音字典 (张永恺) (Z-Library)_2_页面_059.png	D:\瑞安文化研究\Ruianese\Ruianese_upload\Ruianese_Tying_Method\output\jie_yong_ki\book_ocr\page_059.txt	D:\瑞安文化研究\Ruianese\Ruianese_upload\Ruianese_Tying_Method\output\jie_yong_ki\book_ocr\page_059.tsv	499	43	270	44.13	145	review	low_confidence
060	D:\瑞安文化研究\Ruianese\張永愷書之圖\瑞安方言读音字典 (张永恺) (Z-Library)_2_页面_060.png	D:\瑞安文化研究\Ruianese\Ruianese_upload\Ruianese_Tying_Method\output\jie_yong_ki\book_ocr\page_060.txt	D:\瑞安文化研究\Ruianese\Ruianese_upload\Ruianese_Tying_Method\output\jie_yong_ki\book_ocr\page_060.tsv	349	21	156	37.96	96	review	low_confidence
061	D:\瑞安文化研究\Ruianese\張永愷書之圖\瑞安方言读音字典 (张永恺) (Z-Library)_2_页面_061.png	D:\瑞安文化研究\Ruianese\Ruianese_upload\Ruianese_Tying_Method\output\jie_yong_ki\book_ocr\page_061.txt	D:\瑞安文化研究\Ruianese\Ruianese_upload\Ruianese_Tying_Method\output\jie_yong_ki\book_ocr\page_061.tsv	344	11	118	27.99	95	review	low_confidence
062	D:\瑞安文化研究\Ruianese\張永愷書之圖\瑞安方言读音字典 (张永恺) (Z-Library)_2_页面_062.png	D:\瑞安文化研究\Ruianese\Ruianese_upload\Ruianese_Tying_Method\output\jie_yong_ki\book_ocr\page_062.txt	D:\瑞安文化研究\Ruianese\Ruianese_upload\Ruianese_Tying_Method\output\jie_yong_ki\book_ocr\page_062.tsv	300	2	107	27.87	91	review	low_confidence
063	D:\瑞安文化研究\Ruianese\張永愷書之圖\瑞安方言读音字典 (张永恺) (Z-Library)_2_页面_063.png	D:\瑞安文化研究\Ruianese\Ruianese_upload\Ruianese_Tying_Method\output\jie_yong_ki\book_ocr\page_063.txt	D:\瑞安文化研究\Ruianese\Ruianese_upload\Ruianese_Tying_Method\output\jie_yong_ki\book_ocr\page_063.tsv	301	6	108	21.43	99	review	low_confidence
064	D:\瑞安文化研究\Ruianese\張永愷書之圖\瑞安方言读音字典 (张永恺) (Z-Library)_2_页面_064.png	D:\瑞安文化研究\Ruianese\Ruianese_upload\Ruianese_Tying_Method\output\jie_yong_ki\book_ocr\page_064.txt	D:\瑞安文化研究\Ruianese\Ruianese_upload\Ruianese_Tying_Method\output\jie_yong_ki\book_ocr\page_064.tsv	347	18	168	34.09	119	review	low_confidence
065	D:\瑞安文化研究\Ruianese\張永愷書之圖\瑞安方言读音字典 (张永恺) (Z-Library)_2_页面_065.png	D:\瑞安文化研究\Ruianese\Ruianese_upload\Ruianese_Tying_Method\output\jie_yong_ki\book_ocr\page_065.txt	D:\瑞安文化研究\Ruianese\Ruianese_upload\Ruianese_Tying_Method\output\jie_yong_ki\book_ocr\page_065.tsv	238	8	83	27.09	69	review	low_confidence
066	D:\瑞安文化研究\Ruianese\張永愷書之圖\瑞安方言读音字典 (张永恺) (Z-Library)_2_页面_066.png	D:\瑞安文化研究\Ruianese\Ruianese_upload\Ruianese_Tying_Method\output\jie_yong_ki\book_ocr\page_066.txt	D:\瑞安文化研究\Ruianese\Ruianese_upload\Ruianese_Tying_Method\output\jie_yong_ki\book_ocr\page_066.tsv	342	16	131	31.13	99	review	low_confidence
067	D:\瑞安文化研究\Ruianese\張永愷書之圖\瑞安方言读音字典 (张永恺) (Z-Library)_2_页面_067.png	D:\瑞安文化研究\Ruianese\Ruianese_upload\Ruianese_Tying_Method\output\jie_yong_ki\book_ocr\page_067.txt	D:\瑞安文化研究\Ruianese\Ruianese_upload\Ruianese_Tying_Method\output\jie_yong_ki\book_ocr\page_067.tsv	228	23	104	44.12	59	review	low_confidence
068	D:\瑞安文化研究\Ruianese\張永愷書之圖\瑞安方言读音字典 (张永恺) (Z-Library)_2_页面_068.png	D:\瑞安文化研究\Ruianese\Ruianese_upload\Ruianese_Tying_Method\output\jie_yong_ki\book_ocr\page_068.txt	D:\瑞安文化研究\Ruianese\Ruianese_upload\Ruianese_Tying_Method\output\jie_yong_ki\book_ocr\page_068.tsv	426	21	190	40.82	114	review	low_confidence
069	D:\瑞安文化研究\Ruianese\張永愷書之圖\瑞安方言读音字典 (张永恺) (Z-Library)_2_页面_069.png	D:\瑞安文化研究\Ruianese\Ruianese_upload\Ruianese_Tying_Method\output\jie_yong_ki\book_ocr\page_069.txt	D:\瑞安文化研究\Ruianese\Ruianese_upload\Ruianese_Tying_Method\output\jie_yong_ki\book_ocr\page_069.tsv	333	13	138	36.65	102	review	low_confidence
070	D:\瑞安文化研究\Ruianese\張永愷書之圖\瑞安方言读音字典 (张永恺) (Z-Library)_2_页面_070.png	D:\瑞安文化研究\Ruianese\Ruianese_upload\Ruianese_Tying_Method\output\jie_yong_ki\book_ocr\page_070.txt	D:\瑞安文化研究\Ruianese\Ruianese_upload\Ruianese_Tying_Method\output\jie_yong_ki\book_ocr\page_070.tsv	307	23	135	41.85	75	review	low_confidence
071	D:\瑞安文化研究\Ruianese\張永愷書之圖\瑞安方言读音字典 (张永恺) (Z-Library)_2_页面_071.png	D:\瑞安文化研究\Ruianese\Ruianese_upload\Ruianese_Tying_Method\output\jie_yong_ki\book_ocr\page_071.txt	D:\瑞安文化研究\Ruianese\Ruianese_upload\Ruianese_Tying_Method\output\jie_yong_ki\book_ocr\page_071.tsv	329	14	115	25.00	96	review	low_confidence
072	D:\瑞安文化研究\Ruianese\張永愷書之圖\瑞安方言读音字典 (张永恺) (Z-Library)_2_页面_072.png	D:\瑞安文化研究\Ruianese\Ruianese_upload\Ruianese_Tying_Method\output\jie_yong_ki\book_ocr\page_072.txt	D:\瑞安文化研究\Ruianese\Ruianese_upload\Ruianese_Tying_Method\output\jie_yong_ki\book_ocr\page_072.tsv	318	8	116	32.99	86	review	low_confidence
073	D:\瑞安文化研究\Ruianese\張永愷書之圖\瑞安方言读音字典 (张永恺) (Z-Library)_2_页面_073.png	D:\瑞安文化研究\Ruianese\Ruianese_upload\Ruianese_Tying_Method\output\jie_yong_ki\book_ocr\page_073.txt	D:\瑞安文化研究\Ruianese\Ruianese_upload\Ruianese_Tying_Method\output\jie_yong_ki\book_ocr\page_073.tsv	379	16	173	39.36	107	review	low_confidence
074	D:\瑞安文化研究\Ruianese\張永愷書之圖\瑞安方言读音字典 (张永恺) (Z-Library)_2_页面_074.png	D:\瑞安文化研究\Ruianese\Ruianese_upload\Ruianese_Tying_Method\output\jie_yong_ki\book_ocr\page_074.txt	D:\瑞安文化研究\Ruianese\Ruianese_upload\Ruianese_Tying_Method\output\jie_yong_ki\book_ocr\page_074.tsv	284	11	104	31.46	77	review	low_confidence
075	D:\瑞安文化研究\Ruianese\張永愷書之圖\瑞安方言读音字典 (张永恺) (Z-Library)_2_页面_075.png	D:\瑞安文化研究\Ruianese\Ruianese_upload\Ruianese_Tying_Method\output\jie_yong_ki\book_ocr\page_075.txt	D:\瑞安文化研究\Ruianese\Ruianese_upload\Ruianese_Tying_Method\output\jie_yong_ki\book_ocr\page_075.tsv	121	4	43	31.03	31	review	low_confidence
076	D:\瑞安文化研究\Ruianese\張永愷書之圖\瑞安方言读音字典 (张永恺) (Z-Library)_2_页面_076.png	D:\瑞安文化研究\Ruianese\Ruianese_upload\Ruianese_Tying_Method\output\jie_yong_ki\book_ocr\page_076.txt	D:\瑞安文化研究\Ruianese\Ruianese_upload\Ruianese_Tying_Method\output\jie_yong_ki\book_ocr\page_076.tsv	336	11	131	30.06	104	review	low_confidence
077	D:\瑞安文化研究\Ruianese\張永愷書之圖\瑞安方言读音字典 (张永恺) (Z-Library)_2_页面_077.png	D:\瑞安文化研究\Ruianese\Ruianese_upload\Ruianese_Tying_Method\output\jie_yong_ki\book_ocr\page_077.txt	D:\瑞安文化研究\Ruianese\Ruianese_upload\Ruianese_Tying_Method\output\jie_yong_ki\book_ocr\page_077.tsv	365	27	176	38.09	113	review	low_confidence
078	D:\瑞安文化研究\Ruianese\張永愷書之圖\瑞安方言读音字典 (张永恺) (Z-Library)_2_页面_078.png	D:\瑞安文化研究\Ruianese\Ruianese_upload\Ruianese_Tying_Method\output\jie_yong_ki\book_ocr\page_078.txt	D:\瑞安文化研究\Ruianese\Ruianese_upload\Ruianese_Tying_Method\output\jie_yong_ki\book_ocr\page_078.tsv	374	27	178	42.79	104	review	low_confidence
079	D:\瑞安文化研究\Ruianese\張永愷書之圖\瑞安方言读音字典 (张永恺) (Z-Library)_2_页面_079.png	D:\瑞安文化研究\Ruianese\Ruianese_upload\Ruianese_Tying_Method\output\jie_yong_ki\book_ocr\page_079.txt	D:\瑞安文化研究\Ruianese\Ruianese_upload\Ruianese_Tying_Method\output\jie_yong_ki\book_ocr\page_079.tsv	313	17	128	34.25	88	review	low_confidence
080	D:\瑞安文化研究\Ruianese\張永愷書之圖\瑞安方言读音字典 (张永恺) (Z-Library)_2_页面_080.png	D:\瑞安文化研究\Ruianese\Ruianese_upload\Ruianese_Tying_Method\output\jie_yong_ki\book_ocr\page_080.txt	D:\瑞安文化研究\Ruianese\Ruianese_upload\Ruianese_Tying_Method\output\jie_yong_ki\book_ocr\page_080.tsv	280	31	63	50.41	33	ok	
081	D:\瑞安文化研究\Ruianese\張永愷書之圖\瑞安方言读音字典 (张永恺) (Z-Library)_2_页面_081.png	D:\瑞安文化研究\Ruianese\Ruianese_upload\Ruianese_Tying_Method\output\jie_yong_ki\book_ocr\page_081.txt	D:\瑞安文化研究\Ruianese\Ruianese_upload\Ruianese_Tying_Method\output\jie_yong_ki\book_ocr\page_081.tsv	292	19	110	29.98	86	review	low_confidence
082	D:\瑞安文化研究\Ruianese\張永愷書之圖\瑞安方言读音字典 (张永恺) (Z-Library)_2_页面_082.png	D:\瑞安文化研究\Ruianese\Ruianese_upload\Ruianese_Tying_Method\output\jie_yong_ki\book_ocr\page_082.txt	D:\瑞安文化研究\Ruianese\Ruianese_upload\Ruianese_Tying_Method\output\jie_yong_ki\book_ocr\page_082.tsv	275	7	119	35.06	86	review	low_confidence
083	D:\瑞安文化研究\Ruianese\張永愷書之圖\瑞安方言读音字典 (张永恺) (Z-Library)_2_页面_083.png	D:\瑞安文化研究\Ruianese\Ruianese_upload\Ruianese_Tying_Method\output\jie_yong_ki\book_ocr\page_083.txt	D:\瑞安文化研究\Ruianese\Ruianese_upload\Ruianese_Tying_Method\output\jie_yong_ki\book_ocr\page_083.tsv	231	31	117	46.76	61	ok	
084	D:\瑞安文化研究\Ruianese\張永愷書之圖\瑞安方言读音字典 (张永恺) (Z-Library)_2_页面_084.png	D:\瑞安文化研究\Ruianese\Ruianese_upload\Ruianese_Tying_Method\output\jie_yong_ki\book_ocr\page_084.txt	D:\瑞安文化研究\Ruianese\Ruianese_upload\Ruianese_Tying_Method\output\jie_yong_ki\book_ocr\page_084.tsv	373	22	157	35.27	105	review	low_confidence
085	D:\瑞安文化研究\Ruianese\張永愷書之圖\瑞安方言读音字典 (张永恺) (Z-Library)_2_页面_085.png	D:\瑞安文化研究\Ruianese\Ruianese_upload\Ruianese_Tying_Method\output\jie_yong_ki\book_ocr\page_085.txt	D:\瑞安文化研究\Ruianese\Ruianese_upload\Ruianese_Tying_Method\output\jie_yong_ki\book_ocr\page_085.tsv	262	9	95	28.92	77	review	low_confidence
086	D:\瑞安文化研究\Ruianese\張永愷書之圖\瑞安方言读音字典 (张永恺) (Z-Library)_2_页面_086.png	D:\瑞安文化研究\Ruianese\Ruianese_upload\Ruianese_Tying_Method\output\jie_yong_ki\book_ocr\page_086.txt	D:\瑞安文化研究\Ruianese\Ruianese_upload\Ruianese_Tying_Method\output\jie_yong_ki\book_ocr\page_086.tsv	303	13	117	31.83	91	review	low_confidence
087	D:\瑞安文化研究\Ruianese\張永愷書之圖\瑞安方言读音字典 (张永恺) (Z-Library)_2_页面_087.png	D:\瑞安文化研究\Ruianese\Ruianese_upload\Ruianese_Tying_Method\output\jie_yong_ki\book_ocr\page_087.txt	D:\瑞安文化研究\Ruianese\Ruianese_upload\Ruianese_Tying_Method\output\jie_yong_ki\book_ocr\page_087.tsv	360	36	160	39.39	106	review	low_confidence
088	D:\瑞安文化研究\Ruianese\張永愷書之圖\瑞安方言读音字典 (张永恺) (Z-Library)_2_页面_088.png	D:\瑞安文化研究\Ruianese\Ruianese_upload\Ruianese_Tying_Method\output\jie_yong_ki\book_ocr\page_088.txt	D:\瑞安文化研究\Ruianese\Ruianese_upload\Ruianese_Tying_Method\output\jie_yong_ki\book_ocr\page_088.tsv	240	21	91	23.98	77	review	low_confidence
089	D:\瑞安文化研究\Ruianese\張永愷書之圖\瑞安方言读音字典 (张永恺) (Z-Library)_2_页面_089.png	D:\瑞安文化研究\Ruianese\Ruianese_upload\Ruianese_Tying_Method\output\jie_yong_ki\book_ocr\page_089.txt	D:\瑞安文化研究\Ruianese\Ruianese_upload\Ruianese_Tying_Method\output\jie_yong_ki\book_ocr\page_089.tsv	321	10	154	36.08	101	review	low_confidence
090	D:\瑞安文化研究\Ruianese\張永愷書之圖\瑞安方言读音字典 (张永恺) (Z-Library)_2_页面_090.png	D:\瑞安文化研究\Ruianese\Ruianese_upload\Ruianese_Tying_Method\output\jie_yong_ki\book_ocr\page_090.txt	D:\瑞安文化研究\Ruianese\Ruianese_upload\Ruianese_Tying_Method\output\jie_yong_ki\book_ocr\page_090.tsv	271	22	124	42.86	78	review	low_confidence
091	D:\瑞安文化研究\Ruianese\張永愷書之圖\瑞安方言读音字典 (张永恺) (Z-Library)_2_页面_091.png	D:\瑞安文化研究\Ruianese\Ruianese_upload\Ruianese_Tying_Method\output\jie_yong_ki\book_ocr\page_091.txt	D:\瑞安文化研究\Ruianese\Ruianese_upload\Ruianese_Tying_Method\output\jie_yong_ki\book_ocr\page_091.tsv	320	3	147	39.32	97	review	low_confidence
092	D:\瑞安文化研究\Ruianese\張永愷書之圖\瑞安方言读音字典 (张永恺) (Z-Library)_2_页面_092.png	D:\瑞安文化研究\Ruianese\Ruianese_upload\Ruianese_Tying_Method\output\jie_yong_ki\book_ocr\page_092.txt	D:\瑞安文化研究\Ruianese\Ruianese_upload\Ruianese_Tying_Method\output\jie_yong_ki\book_ocr\page_092.tsv	279	15	125	33.18	88	review	low_confidence
093	D:\瑞安文化研究\Ruianese\張永愷書之圖\瑞安方言读音字典 (张永恺) (Z-Library)_2_页面_093.png	D:\瑞安文化研究\Ruianese\Ruianese_upload\Ruianese_Tying_Method\output\jie_yong_ki\book_ocr\page_093.txt	D:\瑞安文化研究\Ruianese\Ruianese_upload\Ruianese_Tying_Method\output\jie_yong_ki\book_ocr\page_093.tsv	125	28	61	38.63	42	review	low_confidence
094	D:\瑞安文化研究\Ruianese\張永愷書之圖\瑞安方言读音字典 (张永恺) (Z-Library)_2_页面_094.png	D:\瑞安文化研究\Ruianese\Ruianese_upload\Ruianese_Tying_Method\output\jie_yong_ki\book_ocr\page_094.txt	D:\瑞安文化研究\Ruianese\Ruianese_upload\Ruianese_Tying_Method\output\jie_yong_ki\book_ocr\page_094.tsv	357	12	163	41.78	93	review	low_confidence
095	D:\瑞安文化研究\Ruianese\張永愷書之圖\瑞安方言读音字典 (张永恺) (Z-Library)_2_页面_095.png	D:\瑞安文化研究\Ruianese\Ruianese_upload\Ruianese_Tying_Method\output\jie_yong_ki\book_ocr\page_095.txt	D:\瑞安文化研究\Ruianese\Ruianese_upload\Ruianese_Tying_Method\output\jie_yong_ki\book_ocr\page_095.tsv	380	16	175	40.06	104	review	low_confidence
096	D:\瑞安文化研究\Ruianese\張永愷書之圖\瑞安方言读音字典 (张永恺) (Z-Library)_2_页面_096.png	D:\瑞安文化研究\Ruianese\Ruianese_upload\Ruianese_Tying_Method\output\jie_yong_ki\book_ocr\page_096.txt	D:\瑞安文化研究\Ruianese\Ruianese_upload\Ruianese_Tying_Method\output\jie_yong_ki\book_ocr\page_096.tsv	306	8	117	33.75	84	review	low_confidence
097	D:\瑞安文化研究\Ruianese\張永愷書之圖\瑞安方言读音字典 (张永恺) (Z-Library)_2_页面_097.png	D:\瑞安文化研究\Ruianese\Ruianese_upload\Ruianese_Tying_Method\output\jie_yong_ki\book_ocr\page_097.txt	D:\瑞安文化研究\Ruianese\Ruianese_upload\Ruianese_Tying_Method\output\jie_yong_ki\book_ocr\page_097.tsv	382	16	169	40.30	102	review	low_confidence
098	D:\瑞安文化研究\Ruianese\張永愷書之圖\瑞安方言读音字典 (张永恺) (Z-Library)_2_页面_098.png	D:\瑞安文化研究\Ruianese\Ruianese_upload\Ruianese_Tying_Method\output\jie_yong_ki\book_ocr\page_098.txt	D:\瑞安文化研究\Ruianese\Ruianese_upload\Ruianese_Tying_Method\output\jie_yong_ki\book_ocr\page_098.tsv	307	19	125	31.77	94	review	low_confidence
099	D:\瑞安文化研究\Ruianese\張永愷書之圖\瑞安方言读音字典 (张永恺) (Z-Library)_2_页面_099.png	D:\瑞安文化研究\Ruianese\Ruianese_upload\Ruianese_Tying_Method\output\jie_yong_ki\book_ocr\page_099.txt	D:\瑞安文化研究\Ruianese\Ruianese_upload\Ruianese_Tying_Method\output\jie_yong_ki\book_ocr\page_099.tsv	315	25	152	36.69	101	review	low_confidence
100	D:\瑞安文化研究\Ruianese\張永愷書之圖\瑞安方言读音字典 (张永恺) (Z-Library)_2_页面_100.png	D:\瑞安文化研究\Ruianese\Ruianese_upload\Ruianese_Tying_Method\output\jie_yong_ki\book_ocr\page_100.txt	D:\瑞安文化研究\Ruianese\Ruianese_upload\Ruianese_Tying_Method\output\jie_yong_ki\book_ocr\page_100.tsv	142	22	73	34.99	54	review	low_confidence
101	D:\瑞安文化研究\Ruianese\張永愷書之圖\瑞安方言读音字典 (张永恺) (Z-Library)_2_页面_101.png	D:\瑞安文化研究\Ruianese\Ruianese_upload\Ruianese_Tying_Method\output\jie_yong_ki\book_ocr\page_101.txt	D:\瑞安文化研究\Ruianese\Ruianese_upload\Ruianese_Tying_Method\output\jie_yong_ki\book_ocr\page_101.tsv	283	3	102	27.51	84	review	low_confidence
102	D:\瑞安文化研究\Ruianese\張永愷書之圖\瑞安方言读音字典 (张永恺) (Z-Library)_2_页面_102.png	D:\瑞安文化研究\Ruianese\Ruianese_upload\Ruianese_Tying_Method\output\jie_yong_ki\book_ocr\page_102.txt	D:\瑞安文化研究\Ruianese\Ruianese_upload\Ruianese_Tying_Method\output\jie_yong_ki\book_ocr\page_102.tsv	264	40	153	51.02	69	ok	
103	D:\瑞安文化研究\Ruianese\張永愷書之圖\瑞安方言读音字典 (张永恺) (Z-Library)_2_页面_103.png	D:\瑞安文化研究\Ruianese\Ruianese_upload\Ruianese_Tying_Method\output\jie_yong_ki\book_ocr\page_103.txt	D:\瑞安文化研究\Ruianese\Ruianese_upload\Ruianese_Tying_Method\output\jie_yong_ki\book_ocr\page_103.tsv	348	18	171	43.72	98	review	low_confidence
104	D:\瑞安文化研究\Ruianese\張永愷書之圖\瑞安方言读音字典 (张永恺) (Z-Library)_2_页面_104.png	D:\瑞安文化研究\Ruianese\Ruianese_upload\Ruianese_Tying_Method\output\jie_yong_ki\book_ocr\page_104.txt	D:\瑞安文化研究\Ruianese\Ruianese_upload\Ruianese_Tying_Method\output\jie_yong_ki\book_ocr\page_104.tsv	116	24	59	30.95	42	review	low_confidence
105	D:\瑞安文化研究\Ruianese\張永愷書之圖\瑞安方言读音字典 (张永恺) (Z-Library)_2_页面_105.png	D:\瑞安文化研究\Ruianese\Ruianese_upload\Ruianese_Tying_Method\output\jie_yong_ki\book_ocr\page_105.txt	D:\瑞安文化研究\Ruianese\Ruianese_upload\Ruianese_Tying_Method\output\jie_yong_ki\book_ocr\page_105.tsv	416	51	221	49.67	104	ok	
106	D:\瑞安文化研究\Ruianese\張永愷書之圖\瑞安方言读音字典 (张永恺) (Z-Library)_2_页面_106.png	D:\瑞安文化研究\Ruianese\Ruianese_upload\Ruianese_Tying_Method\output\jie_yong_ki\book_ocr\page_106.txt	D:\瑞安文化研究\Ruianese\Ruianese_upload\Ruianese_Tying_Method\output\jie_yong_ki\book_ocr\page_106.tsv	388	18	184	43.22	102	review	low_confidence
107	D:\瑞安文化研究\Ruianese\張永愷書之圖\瑞安方言读音字典 (张永恺) (Z-Library)_2_页面_107.png	D:\瑞安文化研究\Ruianese\Ruianese_upload\Ruianese_Tying_Method\output\jie_yong_ki\book_ocr\page_107.txt	D:\瑞安文化研究\Ruianese\Ruianese_upload\Ruianese_Tying_Method\output\jie_yong_ki\book_ocr\page_107.tsv	106	6	42	31.66	33	review	low_confidence
108	D:\瑞安文化研究\Ruianese\張永愷書之圖\瑞安方言读音字典 (张永恺) (Z-Library)_2_页面_108.png	D:\瑞安文化研究\Ruianese\Ruianese_upload\Ruianese_Tying_Method\output\jie_yong_ki\book_ocr\page_108.txt	D:\瑞安文化研究\Ruianese\Ruianese_upload\Ruianese_Tying_Method\output\jie_yong_ki\book_ocr\page_108.tsv	397	25	171	37.79	116	review	low_confidence
109	D:\瑞安文化研究\Ruianese\張永愷書之圖\瑞安方言读音字典 (张永恺) (Z-Library)_2_页面_109.png	D:\瑞安文化研究\Ruianese\Ruianese_upload\Ruianese_Tying_Method\output\jie_yong_ki\book_ocr\page_109.txt	D:\瑞安文化研究\Ruianese\Ruianese_upload\Ruianese_Tying_Method\output\jie_yong_ki\book_ocr\page_109.tsv	303	14	105	30.86	84	review	low_confidence
110	D:\瑞安文化研究\Ruianese\張永愷書之圖\瑞安方言读音字典 (张永恺) (Z-Library)_2_页面_110.png	D:\瑞安文化研究\Ruianese\Ruianese_upload\Ruianese_Tying_Method\output\jie_yong_ki\book_ocr\page_110.txt	D:\瑞安文化研究\Ruianese\Ruianese_upload\Ruianese_Tying_Method\output\jie_yong_ki\book_ocr\page_110.tsv	380	18	181	40.69	112	review	low_confidence
111	D:\瑞安文化研究\Ruianese\張永愷書之圖\瑞安方言读音字典 (张永恺) (Z-Library)_2_页面_111.png	D:\瑞安文化研究\Ruianese\Ruianese_upload\Ruianese_Tying_Method\output\jie_yong_ki\book_ocr\page_111.txt	D:\瑞安文化研究\Ruianese\Ruianese_upload\Ruianese_Tying_Method\output\jie_yong_ki\book_ocr\page_111.tsv	273	22	115	31.80	90	review	low_confidence
112	D:\瑞安文化研究\Ruianese\張永愷書之圖\瑞安方言读音字典 (张永恺) (Z-Library)_2_页面_112.png	D:\瑞安文化研究\Ruianese\Ruianese_upload\Ruianese_Tying_Method\output\jie_yong_ki\book_ocr\page_112.txt	D:\瑞安文化研究\Ruianese\Ruianese_upload\Ruianese_Tying_Method\output\jie_yong_ki\book_ocr\page_112.tsv	390	20	151	33.40	112	review	low_confidence
113	D:\瑞安文化研究\Ruianese\張永愷書之圖\瑞安方言读音字典 (张永恺) (Z-Library)_2_页面_113.png	D:\瑞安文化研究\Ruianese\Ruianese_upload\Ruianese_Tying_Method\output\jie_yong_ki\book_ocr\page_113.txt	D:\瑞安文化研究\Ruianese\Ruianese_upload\Ruianese_Tying_Method\output\jie_yong_ki\book_ocr\page_113.tsv	308	12	121	35.02	92	review	low_confidence
114	D:\瑞安文化研究\Ruianese\張永愷書之圖\瑞安方言读音字典 (张永恺) (Z-Library)_2_页面_114.png	D:\瑞安文化研究\Ruianese\Ruianese_upload\Ruianese_Tying_Method\output\jie_yong_ki\book_ocr\page_114.txt	D:\瑞安文化研究\Ruianese\Ruianese_upload\Ruianese_Tying_Method\output\jie_yong_ki\book_ocr\page_114.tsv	195	24	80	38.44	53	review	low_confidence
115	D:\瑞安文化研究\Ruianese\張永愷書之圖\瑞安方言读音字典 (张永恺) (Z-Library)_2_页面_115.png	D:\瑞安文化研究\Ruianese\Ruianese_upload\Ruianese_Tying_Method\output\jie_yong_ki\book_ocr\page_115.txt	D:\瑞安文化研究\Ruianese\Ruianese_upload\Ruianese_Tying_Method\output\jie_yong_ki\book_ocr\page_115.tsv	339	12	131	33.08	103	review	low_confidence
116	D:\瑞安文化研究\Ruianese\張永愷書之圖\瑞安方言读音字典 (张永恺) (Z-Library)_2_页面_116.png	D:\瑞安文化研究\Ruianese\Ruianese_upload\Ruianese_Tying_Method\output\jie_yong_ki\book_ocr\page_116.txt	D:\瑞安文化研究\Ruianese\Ruianese_upload\Ruianese_Tying_Method\output\jie_yong_ki\book_ocr\page_116.tsv	397	17	162	29.33	130	review	low_confidence
117	D:\瑞安文化研究\Ruianese\張永愷書之圖\瑞安方言读音字典 (张永恺) (Z-Library)_2_页面_117.png	D:\瑞安文化研究\Ruianese\Ruianese_upload\Ruianese_Tying_Method\output\jie_yong_ki\book_ocr\page_117.txt	D:\瑞安文化研究\Ruianese\Ruianese_upload\Ruianese_Tying_Method\output\jie_yong_ki\book_ocr\page_117.tsv	261	17	100	29.36	77	review	low_confidence
118	D:\瑞安文化研究\Ruianese\張永愷書之圖\瑞安方言读音字典 (张永恺) (Z-Library)_2_页面_118.png	D:\瑞安文化研究\Ruianese\Ruianese_upload\Ruianese_Tying_Method\output\jie_yong_ki\book_ocr\page_118.txt	D:\瑞安文化研究\Ruianese\Ruianese_upload\Ruianese_Tying_Method\output\jie_yong_ki\book_ocr\page_118.tsv	414	19	190	38.25	123	review	low_confidence
119	D:\瑞安文化研究\Ruianese\張永愷書之圖\瑞安方言读音字典 (张永恺) (Z-Library)_2_页面_119.png	D:\瑞安文化研究\Ruianese\Ruianese_upload\Ruianese_Tying_Method\output\jie_yong_ki\book_ocr\page_119.txt	D:\瑞安文化研究\Ruianese\Ruianese_upload\Ruianese_Tying_Method\output\jie_yong_ki\book_ocr\page_119.tsv	468	14	228	39.66	140	review	low_confidence
120	D:\瑞安文化研究\Ruianese\張永愷書之圖\瑞安方言读音字典 (张永恺) (Z-Library)_2_页面_120.png	D:\瑞安文化研究\Ruianese\Ruianese_upload\Ruianese_Tying_Method\output\jie_yong_ki\book_ocr\page_120.txt	D:\瑞安文化研究\Ruianese\Ruianese_upload\Ruianese_Tying_Method\output\jie_yong_ki\book_ocr\page_120.tsv	301	10	124	31.72	95	review	low_confidence
121	D:\瑞安文化研究\Ruianese\張永愷書之圖\瑞安方言读音字典 (张永恺) (Z-Library)_2_页面_121.png	D:\瑞安文化研究\Ruianese\Ruianese_upload\Ruianese_Tying_Method\output\jie_yong_ki\book_ocr\page_121.txt	D:\瑞安文化研究\Ruianese\Ruianese_upload\Ruianese_Tying_Method\output\jie_yong_ki\book_ocr\page_121.tsv	368	22	143	27.34	119	review	low_confidence
122	D:\瑞安文化研究\Ruianese\張永愷書之圖\瑞安方言读音字典 (张永恺) (Z-Library)_2_页面_122.png	D:\瑞安文化研究\Ruianese\Ruianese_upload\Ruianese_Tying_Method\output\jie_yong_ki\book_ocr\page_122.txt	D:\瑞安文化研究\Ruianese\Ruianese_upload\Ruianese_Tying_Method\output\jie_yong_ki\book_ocr\page_122.tsv	314	15	139	38.52	92	review	low_confidence
123	D:\瑞安文化研究\Ruianese\張永愷書之圖\瑞安方言读音字典 (张永恺) (Z-Library)_2_页面_123.png	D:\瑞安文化研究\Ruianese\Ruianese_upload\Ruianese_Tying_Method\output\jie_yong_ki\book_ocr\page_123.txt	D:\瑞安文化研究\Ruianese\Ruianese_upload\Ruianese_Tying_Method\output\jie_yong_ki\book_ocr\page_123.tsv	403	13	191	39.16	119	review	low_confidence
124	D:\瑞安文化研究\Ruianese\張永愷書之圖\瑞安方言读音字典 (张永恺) (Z-Library)_2_页面_124.png	D:\瑞安文化研究\Ruianese\Ruianese_upload\Ruianese_Tying_Method\output\jie_yong_ki\book_ocr\page_124.txt	D:\瑞安文化研究\Ruianese\Ruianese_upload\Ruianese_Tying_Method\output\jie_yong_ki\book_ocr\page_124.tsv	421	36	203	42.52	125	review	low_confidence
125	D:\瑞安文化研究\Ruianese\張永愷書之圖\瑞安方言读音字典 (张永恺) (Z-Library)_2_页面_125.png	D:\瑞安文化研究\Ruianese\Ruianese_upload\Ruianese_Tying_Method\output\jie_yong_ki\book_ocr\page_125.txt	D:\瑞安文化研究\Ruianese\Ruianese_upload\Ruianese_Tying_Method\output\jie_yong_ki\book_ocr\page_125.tsv	252	11	90	32.25	68	review	low_confidence
126	D:\瑞安文化研究\Ruianese\張永愷書之圖\瑞安方言读音字典 (张永恺) (Z-Library)_2_页面_126.png	D:\瑞安文化研究\Ruianese\Ruianese_upload\Ruianese_Tying_Method\output\jie_yong_ki\book_ocr\page_126.txt	D:\瑞安文化研究\Ruianese\Ruianese_upload\Ruianese_Tying_Method\output\jie_yong_ki\book_ocr\page_126.tsv	306	8	124	31.93	96	review	low_confidence
127	D:\瑞安文化研究\Ruianese\張永愷書之圖\瑞安方言读音字典 (张永恺) (Z-Library)_2_页面_127.png	D:\瑞安文化研究\Ruianese\Ruianese_upload\Ruianese_Tying_Method\output\jie_yong_ki\book_ocr\page_127.txt	D:\瑞安文化研究\Ruianese\Ruianese_upload\Ruianese_Tying_Method\output\jie_yong_ki\book_ocr\page_127.tsv	386	11	165	36.31	111	review	low_confidence
128	D:\瑞安文化研究\Ruianese\張永愷書之圖\瑞安方言读音字典 (张永恺) (Z-Library)_2_页面_128.png	D:\瑞安文化研究\Ruianese\Ruianese_upload\Ruianese_Tying_Method\output\jie_yong_ki\book_ocr\page_128.txt	D:\瑞安文化研究\Ruianese\Ruianese_upload\Ruianese_Tying_Method\output\jie_yong_ki\book_ocr\page_128.tsv	333	13	141	37.15	97	review	low_confidence
129	D:\瑞安文化研究\Ruianese\張永愷書之圖\瑞安方言读音字典 (张永恺) (Z-Library)_2_页面_129.png	D:\瑞安文化研究\Ruianese\Ruianese_upload\Ruianese_Tying_Method\output\jie_yong_ki\book_ocr\page_129.txt	D:\瑞安文化研究\Ruianese\Ruianese_upload\Ruianese_Tying_Method\output\jie_yong_ki\book_ocr\page_129.tsv	265	10	97	28.05	85	review	low_confidence
130	D:\瑞安文化研究\Ruianese\張永愷書之圖\瑞安方言读音字典 (张永恺) (Z-Library)_2_页面_130.png	D:\瑞安文化研究\Ruianese\Ruianese_upload\Ruianese_Tying_Method\output\jie_yong_ki\book_ocr\page_130.txt	D:\瑞安文化研究\Ruianese\Ruianese_upload\Ruianese_Tying_Method\output\jie_yong_ki\book_ocr\page_130.tsv	385	34	61	43.18	32	review	low_confidence
131	D:\瑞安文化研究\Ruianese\張永愷書之圖\瑞安方言读音字典 (张永恺) (Z-Library)_2_页面_131.png	D:\瑞安文化研究\Ruianese\Ruianese_upload\Ruianese_Tying_Method\output\jie_yong_ki\book_ocr\page_131.txt	D:\瑞安文化研究\Ruianese\Ruianese_upload\Ruianese_Tying_Method\output\jie_yong_ki\book_ocr\page_131.tsv	303	18	138	35.45	92	review	low_confidence
132	D:\瑞安文化研究\Ruianese\張永愷書之圖\瑞安方言读音字典 (张永恺) (Z-Library)_2_页面_132.png	D:\瑞安文化研究\Ruianese\Ruianese_upload\Ruianese_Tying_Method\output\jie_yong_ki\book_ocr\page_132.txt	D:\瑞安文化研究\Ruianese\Ruianese_upload\Ruianese_Tying_Method\output\jie_yong_ki\book_ocr\page_132.tsv	241	18	120	42.18	70	review	low_confidence
133	D:\瑞安文化研究\Ruianese\張永愷書之圖\瑞安方言读音字典 (张永恺) (Z-Library)_2_页面_133.png	D:\瑞安文化研究\Ruianese\Ruianese_upload\Ruianese_Tying_Method\output\jie_yong_ki\book_ocr\page_133.txt	D:\瑞安文化研究\Ruianese\Ruianese_upload\Ruianese_Tying_Method\output\jie_yong_ki\book_ocr\page_133.tsv	441	14	189	35.45	131	review	low_confidence
134	D:\瑞安文化研究\Ruianese\張永愷書之圖\瑞安方言读音字典 (张永恺) (Z-Library)_2_页面_134.png	D:\瑞安文化研究\Ruianese\Ruianese_upload\Ruianese_Tying_Method\output\jie_yong_ki\book_ocr\page_134.txt	D:\瑞安文化研究\Ruianese\Ruianese_upload\Ruianese_Tying_Method\output\jie_yong_ki\book_ocr\page_134.tsv	326	18	134	32.71	102	review	low_confidence
135	D:\瑞安文化研究\Ruianese\張永愷書之圖\瑞安方言读音字典 (张永恺) (Z-Library)_2_页面_135.png	D:\瑞安文化研究\Ruianese\Ruianese_upload\Ruianese_Tying_Method\output\jie_yong_ki\book_ocr\page_135.txt	D:\瑞安文化研究\Ruianese\Ruianese_upload\Ruianese_Tying_Method\output\jie_yong_ki\book_ocr\page_135.tsv	319	14	142	38.24	94	review	low_confidence
136	D:\瑞安文化研究\Ruianese\張永愷書之圖\瑞安方言读音字典 (张永恺) (Z-Library)_2_页面_136.png	D:\瑞安文化研究\Ruianese\Ruianese_upload\Ruianese_Tying_Method\output\jie_yong_ki\book_ocr\page_136.txt	D:\瑞安文化研究\Ruianese\Ruianese_upload\Ruianese_Tying_Method\output\jie_yong_ki\book_ocr\page_136.tsv	320	21	127	29.46	100	review	low_confidence
137	D:\瑞安文化研究\Ruianese\張永愷書之圖\瑞安方言读音字典 (张永恺) (Z-Library)_2_页面_137.png	D:\瑞安文化研究\Ruianese\Ruianese_upload\Ruianese_Tying_Method\output\jie_yong_ki\book_ocr\page_137.txt	D:\瑞安文化研究\Ruianese\Ruianese_upload\Ruianese_Tying_Method\output\jie_yong_ki\book_ocr\page_137.tsv	284	44	145	47.99	71	ok	
138	D:\瑞安文化研究\Ruianese\張永愷書之圖\瑞安方言读音字典 (张永恺) (Z-Library)_2_页面_138.png	D:\瑞安文化研究\Ruianese\Ruianese_upload\Ruianese_Tying_Method\output\jie_yong_ki\book_ocr\page_138.txt	D:\瑞安文化研究\Ruianese\Ruianese_upload\Ruianese_Tying_Method\output\jie_yong_ki\book_ocr\page_138.tsv	289	24	123	32.93	90	review	low_confidence
139	D:\瑞安文化研究\Ruianese\張永愷書之圖\瑞安方言读音字典 (张永恺) (Z-Library)_2_页面_139.png	D:\瑞安文化研究\Ruianese\Ruianese_upload\Ruianese_Tying_Method\output\jie_yong_ki\book_ocr\page_139.txt	D:\瑞安文化研究\Ruianese\Ruianese_upload\Ruianese_Tying_Method\output\jie_yong_ki\book_ocr\page_139.tsv	354	16	152	32.04	110	review	low_confidence
140	D:\瑞安文化研究\Ruianese\張永愷書之圖\瑞安方言读音字典 (张永恺) (Z-Library)_2_页面_140.png	D:\瑞安文化研究\Ruianese\Ruianese_upload\Ruianese_Tying_Method\output\jie_yong_ki\book_ocr\page_140.txt	D:\瑞安文化研究\Ruianese\Ruianese_upload\Ruianese_Tying_Method\output\jie_yong_ki\book_ocr\page_140.tsv	348	13	147	34.35	94	review	low_confidence
141	D:\瑞安文化研究\Ruianese\張永愷書之圖\瑞安方言读音字典 (张永恺) (Z-Library)_2_页面_141.png	D:\瑞安文化研究\Ruianese\Ruianese_upload\Ruianese_Tying_Method\output\jie_yong_ki\book_ocr\page_141.txt	D:\瑞安文化研究\Ruianese\Ruianese_upload\Ruianese_Tying_Method\output\jie_yong_ki\book_ocr\page_141.tsv	398	7	175	40.80	104	review	low_confidence
142	D:\瑞安文化研究\Ruianese\張永愷書之圖\瑞安方言读音字典 (张永恺) (Z-Library)_2_页面_142.png	D:\瑞安文化研究\Ruianese\Ruianese_upload\Ruianese_Tying_Method\output\jie_yong_ki\book_ocr\page_142.txt	D:\瑞安文化研究\Ruianese\Ruianese_upload\Ruianese_Tying_Method\output\jie_yong_ki\book_ocr\page_142.tsv	230	5	89	29.51	74	review	low_confidence
143	D:\瑞安文化研究\Ruianese\張永愷書之圖\瑞安方言读音字典 (张永恺) (Z-Library)_2_页面_143.png	D:\瑞安文化研究\Ruianese\Ruianese_upload\Ruianese_Tying_Method\output\jie_yong_ki\book_ocr\page_143.txt	D:\瑞安文化研究\Ruianese\Ruianese_upload\Ruianese_Tying_Method\output\jie_yong_ki\book_ocr\page_143.tsv	274	13	126	40.50	81	review	low_confidence
144	D:\瑞安文化研究\Ruianese\張永愷書之圖\瑞安方言读音字典 (张永恺) (Z-Library)_2_页面_144.png	D:\瑞安文化研究\Ruianese\Ruianese_upload\Ruianese_Tying_Method\output\jie_yong_ki\book_ocr\page_144.txt	D:\瑞安文化研究\Ruianese\Ruianese_upload\Ruianese_Tying_Method\output\jie_yong_ki\book_ocr\page_144.tsv	339	12	154	37.67	100	review	low_confidence
145	D:\瑞安文化研究\Ruianese\張永愷書之圖\瑞安方言读音字典 (张永恺) (Z-Library)_2_页面_145.png	D:\瑞安文化研究\Ruianese\Ruianese_upload\Ruianese_Tying_Method\output\jie_yong_ki\book_ocr\page_145.txt	D:\瑞安文化研究\Ruianese\Ruianese_upload\Ruianese_Tying_Method\output\jie_yong_ki\book_ocr\page_145.tsv	269	12	105	30.14	87	review	low_confidence
146	D:\瑞安文化研究\Ruianese\張永愷書之圖\瑞安方言读音字典 (张永恺) (Z-Library)_2_页面_146.png	D:\瑞安文化研究\Ruianese\Ruianese_upload\Ruianese_Tying_Method\output\jie_yong_ki\book_ocr\page_146.txt	D:\瑞安文化研究\Ruianese\Ruianese_upload\Ruianese_Tying_Method\output\jie_yong_ki\book_ocr\page_146.tsv	150	10	62	33.31	48	review	low_confidence
147	D:\瑞安文化研究\Ruianese\張永愷書之圖\瑞安方言读音字典 (张永恺) (Z-Library)_2_页面_147.png	D:\瑞安文化研究\Ruianese\Ruianese_upload\Ruianese_Tying_Method\output\jie_yong_ki\book_ocr\page_147.txt	D:\瑞安文化研究\Ruianese\Ruianese_upload\Ruianese_Tying_Method\output\jie_yong_ki\book_ocr\page_147.tsv	234	7	85	23.39	74	review	low_confidence
148	D:\瑞安文化研究\Ruianese\張永愷書之圖\瑞安方言读音字典 (张永恺) (Z-Library)_2_页面_148.png	D:\瑞安文化研究\Ruianese\Ruianese_upload\Ruianese_Tying_Method\output\jie_yong_ki\book_ocr\page_148.txt	D:\瑞安文化研究\Ruianese\Ruianese_upload\Ruianese_Tying_Method\output\jie_yong_ki\book_ocr\page_148.tsv	210	27	36	48.07	18	ok	
149	D:\瑞安文化研究\Ruianese\張永愷書之圖\瑞安方言读音字典 (张永恺) (Z-Library)_2_页面_149.png	D:\瑞安文化研究\Ruianese\Ruianese_upload\Ruianese_Tying_Method\output\jie_yong_ki\book_ocr\page_149.txt	D:\瑞安文化研究\Ruianese\Ruianese_upload\Ruianese_Tying_Method\output\jie_yong_ki\book_ocr\page_149.tsv	366	15	167	39.40	102	review	low_confidence
150	D:\瑞安文化研究\Ruianese\張永愷書之圖\瑞安方言读音字典 (张永恺) (Z-Library)_2_页面_150.png	D:\瑞安文化研究\Ruianese\Ruianese_upload\Ruianese_Tying_Method\output\jie_yong_ki\book_ocr\page_150.txt	D:\瑞安文化研究\Ruianese\Ruianese_upload\Ruianese_Tying_Method\output\jie_yong_ki\book_ocr\page_150.tsv	232	7	87	28.40	71	review	low_confidence
151	D:\瑞安文化研究\Ruianese\張永愷書之圖\瑞安方言读音字典 (张永恺) (Z-Library)_2_页面_151.png	D:\瑞安文化研究\Ruianese\Ruianese_upload\Ruianese_Tying_Method\output\jie_yong_ki\book_ocr\page_151.txt	D:\瑞安文化研究\Ruianese\Ruianese_upload\Ruianese_Tying_Method\output\jie_yong_ki\book_ocr\page_151.tsv	312	14	111	29.55	84	review	low_confidence
152	D:\瑞安文化研究\Ruianese\張永愷書之圖\瑞安方言读音字典 (张永恺) (Z-Library)_2_页面_152.png	D:\瑞安文化研究\Ruianese\Ruianese_upload\Ruianese_Tying_Method\output\jie_yong_ki\book_ocr\page_152.txt	D:\瑞安文化研究\Ruianese\Ruianese_upload\Ruianese_Tying_Method\output\jie_yong_ki\book_ocr\page_152.tsv	397	27	195	42.40	111	review	low_confidence
153	D:\瑞安文化研究\Ruianese\張永愷書之圖\瑞安方言读音字典 (张永恺) (Z-Library)_2_页面_153.png	D:\瑞安文化研究\Ruianese\Ruianese_upload\Ruianese_Tying_Method\output\jie_yong_ki\book_ocr\page_153.txt	D:\瑞安文化研究\Ruianese\Ruianese_upload\Ruianese_Tying_Method\output\jie_yong_ki\book_ocr\page_153.tsv	318	19	128	29.98	100	review	low_confidence
154	D:\瑞安文化研究\Ruianese\張永愷書之圖\瑞安方言读音字典 (张永恺) (Z-Library)_2_页面_154.png	D:\瑞安文化研究\Ruianese\Ruianese_upload\Ruianese_Tying_Method\output\jie_yong_ki\book_ocr\page_154.txt	D:\瑞安文化研究\Ruianese\Ruianese_upload\Ruianese_Tying_Method\output\jie_yong_ki\book_ocr\page_154.tsv	237	6	92	29.19	79	review	low_confidence
155	D:\瑞安文化研究\Ruianese\張永愷書之圖\瑞安方言读音字典 (张永恺) (Z-Library)_2_页面_155.png	D:\瑞安文化研究\Ruianese\Ruianese_upload\Ruianese_Tying_Method\output\jie_yong_ki\book_ocr\page_155.txt	D:\瑞安文化研究\Ruianese\Ruianese_upload\Ruianese_Tying_Method\output\jie_yong_ki\book_ocr\page_155.tsv	179	9	74	37.85	55	review	low_confidence
156	D:\瑞安文化研究\Ruianese\張永愷書之圖\瑞安方言读音字典 (张永恺) (Z-Library)_2_页面_156.png	D:\瑞安文化研究\Ruianese\Ruianese_upload\Ruianese_Tying_Method\output\jie_yong_ki\book_ocr\page_156.txt	D:\瑞安文化研究\Ruianese\Ruianese_upload\Ruianese_Tying_Method\output\jie_yong_ki\book_ocr\page_156.tsv	288	4	107	30.64	87	review	low_confidence
157	D:\瑞安文化研究\Ruianese\張永愷書之圖\瑞安方言读音字典 (张永恺) (Z-Library)_2_页面_157.png	D:\瑞安文化研究\Ruianese\Ruianese_upload\Ruianese_Tying_Method\output\jie_yong_ki\book_ocr\page_157.txt	D:\瑞安文化研究\Ruianese\Ruianese_upload\Ruianese_Tying_Method\output\jie_yong_ki\book_ocr\page_157.tsv	360	18	178	35.70	123	review	low_confidence
158	D:\瑞安文化研究\Ruianese\張永愷書之圖\瑞安方言读音字典 (张永恺) (Z-Library)_2_页面_158.png	D:\瑞安文化研究\Ruianese\Ruianese_upload\Ruianese_Tying_Method\output\jie_yong_ki\book_ocr\page_158.txt	D:\瑞安文化研究\Ruianese\Ruianese_upload\Ruianese_Tying_Method\output\jie_yong_ki\book_ocr\page_158.tsv	304	8	113	32.61	89	review	low_confidence
159	D:\瑞安文化研究\Ruianese\張永愷書之圖\瑞安方言读音字典 (张永恺) (Z-Library)_2_页面_159.png	D:\瑞安文化研究\Ruianese\Ruianese_upload\Ruianese_Tying_Method\output\jie_yong_ki\book_ocr\page_159.txt	D:\瑞安文化研究\Ruianese\Ruianese_upload\Ruianese_Tying_Method\output\jie_yong_ki\book_ocr\page_159.tsv	290	10	108	27.00	93	review	low_confidence
160	D:\瑞安文化研究\Ruianese\張永愷書之圖\瑞安方言读音字典 (张永恺) (Z-Library)_2_页面_160.png	D:\瑞安文化研究\Ruianese\Ruianese_upload\Ruianese_Tying_Method\output\jie_yong_ki\book_ocr\page_160.txt	D:\瑞安文化研究\Ruianese\Ruianese_upload\Ruianese_Tying_Method\output\jie_yong_ki\book_ocr\page_160.tsv	368	28	203	48.91	91	ok	
161	D:\瑞安文化研究\Ruianese\張永愷書之圖\瑞安方言读音字典 (张永恺) (Z-Library)_2_页面_161.png	D:\瑞安文化研究\Ruianese\Ruianese_upload\Ruianese_Tying_Method\output\jie_yong_ki\book_ocr\page_161.txt	D:\瑞安文化研究\Ruianese\Ruianese_upload\Ruianese_Tying_Method\output\jie_yong_ki\book_ocr\page_161.tsv	259	11	96	33.37	70	review	low_confidence
162	D:\瑞安文化研究\Ruianese\張永愷書之圖\瑞安方言读音字典 (张永恺) (Z-Library)_2_页面_162.png	D:\瑞安文化研究\Ruianese\Ruianese_upload\Ruianese_Tying_Method\output\jie_yong_ki\book_ocr\page_162.txt	D:\瑞安文化研究\Ruianese\Ruianese_upload\Ruianese_Tying_Method\output\jie_yong_ki\book_ocr\page_162.tsv	243	17	121	35.58	78	review	low_confidence
163	D:\瑞安文化研究\Ruianese\張永愷書之圖\瑞安方言读音字典 (张永恺) (Z-Library)_2_页面_163.png	D:\瑞安文化研究\Ruianese\Ruianese_upload\Ruianese_Tying_Method\output\jie_yong_ki\book_ocr\page_163.txt	D:\瑞安文化研究\Ruianese\Ruianese_upload\Ruianese_Tying_Method\output\jie_yong_ki\book_ocr\page_163.tsv	259	3	94	26.14	82	review	low_confidence
164	D:\瑞安文化研究\Ruianese\張永愷書之圖\瑞安方言读音字典 (张永恺) (Z-Library)_2_页面_164.png	D:\瑞安文化研究\Ruianese\Ruianese_upload\Ruianese_Tying_Method\output\jie_yong_ki\book_ocr\page_164.txt	D:\瑞安文化研究\Ruianese\Ruianese_upload\Ruianese_Tying_Method\output\jie_yong_ki\book_ocr\page_164.tsv	298	30	123	42.66	71	review	low_confidence
165	D:\瑞安文化研究\Ruianese\張永愷書之圖\瑞安方言读音字典 (张永恺) (Z-Library)_2_页面_165.png	D:\瑞安文化研究\Ruianese\Ruianese_upload\Ruianese_Tying_Method\output\jie_yong_ki\book_ocr\page_165.txt	D:\瑞安文化研究\Ruianese\Ruianese_upload\Ruianese_Tying_Method\output\jie_yong_ki\book_ocr\page_165.tsv	350	30	171	38.57	112	review	low_confidence
166	D:\瑞安文化研究\Ruianese\張永愷書之圖\瑞安方言读音字典 (张永恺) (Z-Library)_2_页面_166.png	D:\瑞安文化研究\Ruianese\Ruianese_upload\Ruianese_Tying_Method\output\jie_yong_ki\book_ocr\page_166.txt	D:\瑞安文化研究\Ruianese\Ruianese_upload\Ruianese_Tying_Method\output\jie_yong_ki\book_ocr\page_166.tsv	339	10	159	39.50	89	review	low_confidence
167	D:\瑞安文化研究\Ruianese\張永愷書之圖\瑞安方言读音字典 (张永恺) (Z-Library)_2_页面_167.png	D:\瑞安文化研究\Ruianese\Ruianese_upload\Ruianese_Tying_Method\output\jie_yong_ki\book_ocr\page_167.txt	D:\瑞安文化研究\Ruianese\Ruianese_upload\Ruianese_Tying_Method\output\jie_yong_ki\book_ocr\page_167.tsv	265	12	103	30.43	81	review	low_confidence
168	D:\瑞安文化研究\Ruianese\張永愷書之圖\瑞安方言读音字典 (张永恺) (Z-Library)_2_页面_168.png	D:\瑞安文化研究\Ruianese\Ruianese_upload\Ruianese_Tying_Method\output\jie_yong_ki\book_ocr\page_168.txt	D:\瑞安文化研究\Ruianese\Ruianese_upload\Ruianese_Tying_Method\output\jie_yong_ki\book_ocr\page_168.tsv	90	19	46	40.74	28	review	low_confidence
169	D:\瑞安文化研究\Ruianese\張永愷書之圖\瑞安方言读音字典 (张永恺) (Z-Library)_2_页面_169.png	D:\瑞安文化研究\Ruianese\Ruianese_upload\Ruianese_Tying_Method\output\jie_yong_ki\book_ocr\page_169.txt	D:\瑞安文化研究\Ruianese\Ruianese_upload\Ruianese_Tying_Method\output\jie_yong_ki\book_ocr\page_169.tsv	374	54	217	42.20	118	review	low_confidence
170	D:\瑞安文化研究\Ruianese\張永愷書之圖\瑞安方言读音字典 (张永恺) (Z-Library)_2_页面_170.png	D:\瑞安文化研究\Ruianese\Ruianese_upload\Ruianese_Tying_Method\output\jie_yong_ki\book_ocr\page_170.txt	D:\瑞安文化研究\Ruianese\Ruianese_upload\Ruianese_Tying_Method\output\jie_yong_ki\book_ocr\page_170.tsv	248	6	97	29.28	78	review	low_confidence
171	D:\瑞安文化研究\Ruianese\張永愷書之圖\瑞安方言读音字典 (张永恺) (Z-Library)_2_页面_171.png	D:\瑞安文化研究\Ruianese\Ruianese_upload\Ruianese_Tying_Method\output\jie_yong_ki\book_ocr\page_171.txt	D:\瑞安文化研究\Ruianese\Ruianese_upload\Ruianese_Tying_Method\output\jie_yong_ki\book_ocr\page_171.tsv	417	21	207	40.07	124	review	low_confidence
172	D:\瑞安文化研究\Ruianese\張永愷書之圖\瑞安方言读音字典 (张永恺) (Z-Library)_2_页面_172.png	D:\瑞安文化研究\Ruianese\Ruianese_upload\Ruianese_Tying_Method\output\jie_yong_ki\book_ocr\page_172.txt	D:\瑞安文化研究\Ruianese\Ruianese_upload\Ruianese_Tying_Method\output\jie_yong_ki\book_ocr\page_172.tsv	320	12	140	35.60	94	review	low_confidence
173	D:\瑞安文化研究\Ruianese\張永愷書之圖\瑞安方言读音字典 (张永恺) (Z-Library)_2_页面_173.png	D:\瑞安文化研究\Ruianese\Ruianese_upload\Ruianese_Tying_Method\output\jie_yong_ki\book_ocr\page_173.txt	D:\瑞安文化研究\Ruianese\Ruianese_upload\Ruianese_Tying_Method\output\jie_yong_ki\book_ocr\page_173.tsv	370	22	184	41.65	110	review	low_confidence
174	D:\瑞安文化研究\Ruianese\張永愷書之圖\瑞安方言读音字典 (张永恺) (Z-Library)_2_页面_174.png	D:\瑞安文化研究\Ruianese\Ruianese_upload\Ruianese_Tying_Method\output\jie_yong_ki\book_ocr\page_174.txt	D:\瑞安文化研究\Ruianese\Ruianese_upload\Ruianese_Tying_Method\output\jie_yong_ki\book_ocr\page_174.tsv	261	43	152	47.98	78	ok	
175	D:\瑞安文化研究\Ruianese\張永愷書之圖\瑞安方言读音字典 (张永恺) (Z-Library)_2_页面_175.png	D:\瑞安文化研究\Ruianese\Ruianese_upload\Ruianese_Tying_Method\output\jie_yong_ki\book_ocr\page_175.txt	D:\瑞安文化研究\Ruianese\Ruianese_upload\Ruianese_Tying_Method\output\jie_yong_ki\book_ocr\page_175.tsv	374	16	170	40.34	103	review	low_confidence
176	D:\瑞安文化研究\Ruianese\張永愷書之圖\瑞安方言读音字典 (张永恺) (Z-Library)_2_页面_176.png	D:\瑞安文化研究\Ruianese\Ruianese_upload\Ruianese_Tying_Method\output\jie_yong_ki\book_ocr\page_176.txt	D:\瑞安文化研究\Ruianese\Ruianese_upload\Ruianese_Tying_Method\output\jie_yong_ki\book_ocr\page_176.tsv	369	10	158	38.45	95	review	low_confidence
177	D:\瑞安文化研究\Ruianese\張永愷書之圖\瑞安方言读音字典 (张永恺) (Z-Library)_2_页面_177.png	D:\瑞安文化研究\Ruianese\Ruianese_upload\Ruianese_Tying_Method\output\jie_yong_ki\book_ocr\page_177.txt	D:\瑞安文化研究\Ruianese\Ruianese_upload\Ruianese_Tying_Method\output\jie_yong_ki\book_ocr\page_177.tsv	156	11	51	24.27	42	review	low_confidence
178	D:\瑞安文化研究\Ruianese\張永愷書之圖\瑞安方言读音字典 (张永恺) (Z-Library)_2_页面_178.png	D:\瑞安文化研究\Ruianese\Ruianese_upload\Ruianese_Tying_Method\output\jie_yong_ki\book_ocr\page_178.txt	D:\瑞安文化研究\Ruianese\Ruianese_upload\Ruianese_Tying_Method\output\jie_yong_ki\book_ocr\page_178.tsv	262	13	105	29.94	86	review	low_confidence
179	D:\瑞安文化研究\Ruianese\張永愷書之圖\瑞安方言读音字典 (张永恺) (Z-Library)_2_页面_179.png	D:\瑞安文化研究\Ruianese\Ruianese_upload\Ruianese_Tying_Method\output\jie_yong_ki\book_ocr\page_179.txt	D:\瑞安文化研究\Ruianese\Ruianese_upload\Ruianese_Tying_Method\output\jie_yong_ki\book_ocr\page_179.tsv	272	21	106	26.57	90	review	low_confidence
180	D:\瑞安文化研究\Ruianese\張永愷書之圖\瑞安方言读音字典 (张永恺) (Z-Library)_2_页面_180.png	D:\瑞安文化研究\Ruianese\Ruianese_upload\Ruianese_Tying_Method\output\jie_yong_ki\book_ocr\page_180.txt	D:\瑞安文化研究\Ruianese\Ruianese_upload\Ruianese_Tying_Method\output\jie_yong_ki\book_ocr\page_180.tsv	199	17	78	27.05	64	review	low_confidence
181	D:\瑞安文化研究\Ruianese\張永愷書之圖\瑞安方言读音字典 (张永恺) (Z-Library)_2_页面_181.png	D:\瑞安文化研究\Ruianese\Ruianese_upload\Ruianese_Tying_Method\output\jie_yong_ki\book_ocr\page_181.txt	D:\瑞安文化研究\Ruianese\Ruianese_upload\Ruianese_Tying_Method\output\jie_yong_ki\book_ocr\page_181.tsv	483	9	230	41.07	138	review	low_confidence
182	D:\瑞安文化研究\Ruianese\張永愷書之圖\瑞安方言读音字典 (张永恺) (Z-Library)_2_页面_182.png	D:\瑞安文化研究\Ruianese\Ruianese_upload\Ruianese_Tying_Method\output\jie_yong_ki\book_ocr\page_182.txt	D:\瑞安文化研究\Ruianese\Ruianese_upload\Ruianese_Tying_Method\output\jie_yong_ki\book_ocr\page_182.tsv	120	13	62	39.71	37	review	low_confidence
183	D:\瑞安文化研究\Ruianese\張永愷書之圖\瑞安方言读音字典 (张永恺) (Z-Library)_2_页面_183.png	D:\瑞安文化研究\Ruianese\Ruianese_upload\Ruianese_Tying_Method\output\jie_yong_ki\book_ocr\page_183.txt	D:\瑞安文化研究\Ruianese\Ruianese_upload\Ruianese_Tying_Method\output\jie_yong_ki\book_ocr\page_183.tsv	318	5	105	23.13	86	review	low_confidence
184	D:\瑞安文化研究\Ruianese\張永愷書之圖\瑞安方言读音字典 (张永恺) (Z-Library)_2_页面_184.png	D:\瑞安文化研究\Ruianese\Ruianese_upload\Ruianese_Tying_Method\output\jie_yong_ki\book_ocr\page_184.txt	D:\瑞安文化研究\Ruianese\Ruianese_upload\Ruianese_Tying_Method\output\jie_yong_ki\book_ocr\page_184.tsv	359	13	142	25.97	117	review	low_confidence
185	D:\瑞安文化研究\Ruianese\張永愷書之圖\瑞安方言读音字典 (张永恺) (Z-Library)_2_页面_185.png	D:\瑞安文化研究\Ruianese\Ruianese_upload\Ruianese_Tying_Method\output\jie_yong_ki\book_ocr\page_185.txt	D:\瑞安文化研究\Ruianese\Ruianese_upload\Ruianese_Tying_Method\output\jie_yong_ki\book_ocr\page_185.tsv	452	26	221	40.17	129	review	low_confidence
186	D:\瑞安文化研究\Ruianese\張永愷書之圖\瑞安方言读音字典 (张永恺) (Z-Library)_2_页面_186.png	D:\瑞安文化研究\Ruianese\Ruianese_upload\Ruianese_Tying_Method\output\jie_yong_ki\book_ocr\page_186.txt	D:\瑞安文化研究\Ruianese\Ruianese_upload\Ruianese_Tying_Method\output\jie_yong_ki\book_ocr\page_186.tsv	343	13	125	28.04	99	review	low_confidence
187	D:\瑞安文化研究\Ruianese\張永愷書之圖\瑞安方言读音字典 (张永恺) (Z-Library)_2_页面_187.png	D:\瑞安文化研究\Ruianese\Ruianese_upload\Ruianese_Tying_Method\output\jie_yong_ki\book_ocr\page_187.txt	D:\瑞安文化研究\Ruianese\Ruianese_upload\Ruianese_Tying_Method\output\jie_yong_ki\book_ocr\page_187.tsv	415	15	184	39.34	112	review	low_confidence
188	D:\瑞安文化研究\Ruianese\張永愷書之圖\瑞安方言读音字典 (张永恺) (Z-Library)_2_页面_188.png	D:\瑞安文化研究\Ruianese\Ruianese_upload\Ruianese_Tying_Method\output\jie_yong_ki\book_ocr\page_188.txt	D:\瑞安文化研究\Ruianese\Ruianese_upload\Ruianese_Tying_Method\output\jie_yong_ki\book_ocr\page_188.tsv	334	10	155	36.47	103	review	low_confidence
189	D:\瑞安文化研究\Ruianese\張永愷書之圖\瑞安方言读音字典 (张永恺) (Z-Library)_2_页面_189.png	D:\瑞安文化研究\Ruianese\Ruianese_upload\Ruianese_Tying_Method\output\jie_yong_ki\book_ocr\page_189.txt	D:\瑞安文化研究\Ruianese\Ruianese_upload\Ruianese_Tying_Method\output\jie_yong_ki\book_ocr\page_189.tsv	341	13	128	30.60	104	review	low_confidence
190	D:\瑞安文化研究\Ruianese\張永愷書之圖\瑞安方言读音字典 (张永恺) (Z-Library)_2_页面_190.png	D:\瑞安文化研究\Ruianese\Ruianese_upload\Ruianese_Tying_Method\output\jie_yong_ki\book_ocr\page_190.txt	D:\瑞安文化研究\Ruianese\Ruianese_upload\Ruianese_Tying_Method\output\jie_yong_ki\book_ocr\page_190.tsv	307	15	132	35.90	96	review	low_confidence
191	D:\瑞安文化研究\Ruianese\張永愷書之圖\瑞安方言读音字典 (张永恺) (Z-Library)_2_页面_191.png	D:\瑞安文化研究\Ruianese\Ruianese_upload\Ruianese_Tying_Method\output\jie_yong_ki\book_ocr\page_191.txt	D:\瑞安文化研究\Ruianese\Ruianese_upload\Ruianese_Tying_Method\output\jie_yong_ki\book_ocr\page_191.tsv	331	17	156	41.42	92	review	low_confidence
192	D:\瑞安文化研究\Ruianese\張永愷書之圖\瑞安方言读音字典 (张永恺) (Z-Library)_2_页面_192.png	D:\瑞安文化研究\Ruianese\Ruianese_upload\Ruianese_Tying_Method\output\jie_yong_ki\book_ocr\page_192.txt	D:\瑞安文化研究\Ruianese\Ruianese_upload\Ruianese_Tying_Method\output\jie_yong_ki\book_ocr\page_192.tsv	281	11	113	35.83	82	review	low_confidence
193	D:\瑞安文化研究\Ruianese\張永愷書之圖\瑞安方言读音字典 (张永恺) (Z-Library)_2_页面_193.png	D:\瑞安文化研究\Ruianese\Ruianese_upload\Ruianese_Tying_Method\output\jie_yong_ki\book_ocr\page_193.txt	D:\瑞安文化研究\Ruianese\Ruianese_upload\Ruianese_Tying_Method\output\jie_yong_ki\book_ocr\page_193.tsv	380	36	177	49.71	88	ok	
194	D:\瑞安文化研究\Ruianese\張永愷書之圖\瑞安方言读音字典 (张永恺) (Z-Library)_2_页面_194.png	D:\瑞安文化研究\Ruianese\Ruianese_upload\Ruianese_Tying_Method\output\jie_yong_ki\book_ocr\page_194.txt	D:\瑞安文化研究\Ruianese\Ruianese_upload\Ruianese_Tying_Method\output\jie_yong_ki\book_ocr\page_194.tsv	222	14	93	38.66	62	review	low_confidence
195	D:\瑞安文化研究\Ruianese\張永愷書之圖\瑞安方言读音字典 (张永恺) (Z-Library)_2_页面_195.png	D:\瑞安文化研究\Ruianese\Ruianese_upload\Ruianese_Tying_Method\output\jie_yong_ki\book_ocr\page_195.txt	D:\瑞安文化研究\Ruianese\Ruianese_upload\Ruianese_Tying_Method\output\jie_yong_ki\book_ocr\page_195.tsv	264	6	93	24.71	85	review	low_confidence
196	D:\瑞安文化研究\Ruianese\張永愷書之圖\瑞安方言读音字典 (张永恺) (Z-Library)_2_页面_196.png	D:\瑞安文化研究\Ruianese\Ruianese_upload\Ruianese_Tying_Method\output\jie_yong_ki\book_ocr\page_196.txt	D:\瑞安文化研究\Ruianese\Ruianese_upload\Ruianese_Tying_Method\output\jie_yong_ki\book_ocr\page_196.tsv	311	23	147	35.31	113	review	low_confidence
197	D:\瑞安文化研究\Ruianese\張永愷書之圖\瑞安方言读音字典 (张永恺) (Z-Library)_2_页面_197.png	D:\瑞安文化研究\Ruianese\Ruianese_upload\Ruianese_Tying_Method\output\jie_yong_ki\book_ocr\page_197.txt	D:\瑞安文化研究\Ruianese\Ruianese_upload\Ruianese_Tying_Method\output\jie_yong_ki\book_ocr\page_197.tsv	224	7	91	30.90	75	review	low_confidence
198	D:\瑞安文化研究\Ruianese\張永愷書之圖\瑞安方言读音字典 (张永恺) (Z-Library)_2_页面_198.png	D:\瑞安文化研究\Ruianese\Ruianese_upload\Ruianese_Tying_Method\output\jie_yong_ki\book_ocr\page_198.txt	D:\瑞安文化研究\Ruianese\Ruianese_upload\Ruianese_Tying_Method\output\jie_yong_ki\book_ocr\page_198.tsv	281	27	129	34.50	95	review	low_confidence
199	D:\瑞安文化研究\Ruianese\張永愷書之圖\瑞安方言读音字典 (张永恺) (Z-Library)_2_页面_199.png	D:\瑞安文化研究\Ruianese\Ruianese_upload\Ruianese_Tying_Method\output\jie_yong_ki\book_ocr\page_199.txt	D:\瑞安文化研究\Ruianese\Ruianese_upload\Ruianese_Tying_Method\output\jie_yong_ki\book_ocr\page_199.tsv	279	6	130	34.14	98	review	low_confidence
200	D:\瑞安文化研究\Ruianese\張永愷書之圖\瑞安方言读音字典 (张永恺) (Z-Library)_2_页面_200.png	D:\瑞安文化研究\Ruianese\Ruianese_upload\Ruianese_Tying_Method\output\jie_yong_ki\book_ocr\page_200.txt	D:\瑞安文化研究\Ruianese\Ruianese_upload\Ruianese_Tying_Method\output\jie_yong_ki\book_ocr\page_200.tsv	237	5	89	26.80	75	review	low_confidence
201	D:\瑞安文化研究\Ruianese\張永愷書之圖\瑞安方言读音字典 (张永恺) (Z-Library)_2_页面_201.png	D:\瑞安文化研究\Ruianese\Ruianese_upload\Ruianese_Tying_Method\output\jie_yong_ki\book_ocr\page_201.txt	D:\瑞安文化研究\Ruianese\Ruianese_upload\Ruianese_Tying_Method\output\jie_yong_ki\book_ocr\page_201.tsv	290	9	122	37.81	83	review	low_confidence
202	D:\瑞安文化研究\Ruianese\張永愷書之圖\瑞安方言读音字典 (张永恺) (Z-Library)_2_页面_202.png	D:\瑞安文化研究\Ruianese\Ruianese_upload\Ruianese_Tying_Method\output\jie_yong_ki\book_ocr\page_202.txt	D:\瑞安文化研究\Ruianese\Ruianese_upload\Ruianese_Tying_Method\output\jie_yong_ki\book_ocr\page_202.tsv	304	14	131	39.50	90	review	low_confidence
203	D:\瑞安文化研究\Ruianese\張永愷書之圖\瑞安方言读音字典 (张永恺) (Z-Library)_2_页面_203.png	D:\瑞安文化研究\Ruianese\Ruianese_upload\Ruianese_Tying_Method\output\jie_yong_ki\book_ocr\page_203.txt	D:\瑞安文化研究\Ruianese\Ruianese_upload\Ruianese_Tying_Method\output\jie_yong_ki\book_ocr\page_203.tsv	308	11	138	37.37	90	review	low_confidence
204	D:\瑞安文化研究\Ruianese\張永愷書之圖\瑞安方言读音字典 (张永恺) (Z-Library)_2_页面_204.png	D:\瑞安文化研究\Ruianese\Ruianese_upload\Ruianese_Tying_Method\output\jie_yong_ki\book_ocr\page_204.txt	D:\瑞安文化研究\Ruianese\Ruianese_upload\Ruianese_Tying_Method\output\jie_yong_ki\book_ocr\page_204.tsv	130	11	53	39.71	37	review	low_confidence
205	D:\瑞安文化研究\Ruianese\張永愷書之圖\瑞安方言读音字典 (张永恺) (Z-Library)_2_页面_205.png	D:\瑞安文化研究\Ruianese\Ruianese_upload\Ruianese_Tying_Method\output\jie_yong_ki\book_ocr\page_205.txt	D:\瑞安文化研究\Ruianese\Ruianese_upload\Ruianese_Tying_Method\output\jie_yong_ki\book_ocr\page_205.tsv	187	20	78	34.25	54	review	low_confidence
206	D:\瑞安文化研究\Ruianese\張永愷書之圖\瑞安方言读音字典 (张永恺) (Z-Library)_2_页面_206.png	D:\瑞安文化研究\Ruianese\Ruianese_upload\Ruianese_Tying_Method\output\jie_yong_ki\book_ocr\page_206.txt	D:\瑞安文化研究\Ruianese\Ruianese_upload\Ruianese_Tying_Method\output\jie_yong_ki\book_ocr\page_206.tsv	306	5	152	35.72	110	review	low_confidence
207	D:\瑞安文化研究\Ruianese\張永愷書之圖\瑞安方言读音字典 (张永恺) (Z-Library)_2_页面_207.png	D:\瑞安文化研究\Ruianese\Ruianese_upload\Ruianese_Tying_Method\output\jie_yong_ki\book_ocr\page_207.txt	D:\瑞安文化研究\Ruianese\Ruianese_upload\Ruianese_Tying_Method\output\jie_yong_ki\book_ocr\page_207.tsv	265	12	109	33.47	86	review	low_confidence
208	D:\瑞安文化研究\Ruianese\張永愷書之圖\瑞安方言读音字典 (张永恺) (Z-Library)_2_页面_208.png	D:\瑞安文化研究\Ruianese\Ruianese_upload\Ruianese_Tying_Method\output\jie_yong_ki\book_ocr\page_208.txt	D:\瑞安文化研究\Ruianese\Ruianese_upload\Ruianese_Tying_Method\output\jie_yong_ki\book_ocr\page_208.tsv	311	4	106	27.50	90	review	low_confidence
209	D:\瑞安文化研究\Ruianese\張永愷書之圖\瑞安方言读音字典 (张永恺) (Z-Library)_2_页面_209.png	D:\瑞安文化研究\Ruianese\Ruianese_upload\Ruianese_Tying_Method\output\jie_yong_ki\book_ocr\page_209.txt	D:\瑞安文化研究\Ruianese\Ruianese_upload\Ruianese_Tying_Method\output\jie_yong_ki\book_ocr\page_209.tsv	300	28	150	41.94	89	review	low_confidence
210	D:\瑞安文化研究\Ruianese\張永愷書之圖\瑞安方言读音字典 (张永恺) (Z-Library)_2_页面_210.png	D:\瑞安文化研究\Ruianese\Ruianese_upload\Ruianese_Tying_Method\output\jie_yong_ki\book_ocr\page_210.txt	D:\瑞安文化研究\Ruianese\Ruianese_upload\Ruianese_Tying_Method\output\jie_yong_ki\book_ocr\page_210.tsv	286	2	100	24.87	90	review	low_confidence
211	D:\瑞安文化研究\Ruianese\張永愷書之圖\瑞安方言读音字典 (张永恺) (Z-Library)_2_页面_211.png	D:\瑞安文化研究\Ruianese\Ruianese_upload\Ruianese_Tying_Method\output\jie_yong_ki\book_ocr\page_211.txt	D:\瑞安文化研究\Ruianese\Ruianese_upload\Ruianese_Tying_Method\output\jie_yong_ki\book_ocr\page_211.tsv	302	5	137	32.03	107	review	low_confidence
212	D:\瑞安文化研究\Ruianese\張永愷書之圖\瑞安方言读音字典 (张永恺) (Z-Library)_2_页面_212.png	D:\瑞安文化研究\Ruianese\Ruianese_upload\Ruianese_Tying_Method\output\jie_yong_ki\book_ocr\page_212.txt	D:\瑞安文化研究\Ruianese\Ruianese_upload\Ruianese_Tying_Method\output\jie_yong_ki\book_ocr\page_212.tsv	252	4	91	25.42	77	review	low_confidence
213	D:\瑞安文化研究\Ruianese\張永愷書之圖\瑞安方言读音字典 (张永恺) (Z-Library)_2_页面_213.png	D:\瑞安文化研究\Ruianese\Ruianese_upload\Ruianese_Tying_Method\output\jie_yong_ki\book_ocr\page_213.txt	D:\瑞安文化研究\Ruianese\Ruianese_upload\Ruianese_Tying_Method\output\jie_yong_ki\book_ocr\page_213.tsv	246	12	116	34.89	89	review	low_confidence
214	D:\瑞安文化研究\Ruianese\張永愷書之圖\瑞安方言读音字典 (张永恺) (Z-Library)_2_页面_214.png	D:\瑞安文化研究\Ruianese\Ruianese_upload\Ruianese_Tying_Method\output\jie_yong_ki\book_ocr\page_214.txt	D:\瑞安文化研究\Ruianese\Ruianese_upload\Ruianese_Tying_Method\output\jie_yong_ki\book_ocr\page_214.tsv	114	9	49	32.51	38	review	low_confidence
215	D:\瑞安文化研究\Ruianese\張永愷書之圖\瑞安方言读音字典 (张永恺) (Z-Library)_2_页面_215.png	D:\瑞安文化研究\Ruianese\Ruianese_upload\Ruianese_Tying_Method\output\jie_yong_ki\book_ocr\page_215.txt	D:\瑞安文化研究\Ruianese\Ruianese_upload\Ruianese_Tying_Method\output\jie_yong_ki\book_ocr\page_215.tsv	294	9	127	34.85	97	review	low_confidence
216	D:\瑞安文化研究\Ruianese\張永愷書之圖\瑞安方言读音字典 (张永恺) (Z-Library)_2_页面_216.png	D:\瑞安文化研究\Ruianese\Ruianese_upload\Ruianese_Tying_Method\output\jie_yong_ki\book_ocr\page_216.txt	D:\瑞安文化研究\Ruianese\Ruianese_upload\Ruianese_Tying_Method\output\jie_yong_ki\book_ocr\page_216.tsv	278	4	138	38.28	87	review	low_confidence
217	D:\瑞安文化研究\Ruianese\張永愷書之圖\瑞安方言读音字典 (张永恺) (Z-Library)_2_页面_217.png	D:\瑞安文化研究\Ruianese\Ruianese_upload\Ruianese_Tying_Method\output\jie_yong_ki\book_ocr\page_217.txt	D:\瑞安文化研究\Ruianese\Ruianese_upload\Ruianese_Tying_Method\output\jie_yong_ki\book_ocr\page_217.tsv	280	13	123	33.36	87	review	low_confidence
218	D:\瑞安文化研究\Ruianese\張永愷書之圖\瑞安方言读音字典 (张永恺) (Z-Library)_2_页面_218.png	D:\瑞安文化研究\Ruianese\Ruianese_upload\Ruianese_Tying_Method\output\jie_yong_ki\book_ocr\page_218.txt	D:\瑞安文化研究\Ruianese\Ruianese_upload\Ruianese_Tying_Method\output\jie_yong_ki\book_ocr\page_218.tsv	349	13	167	38.18	103	review	low_confidence
219	D:\瑞安文化研究\Ruianese\張永愷書之圖\瑞安方言读音字典 (张永恺) (Z-Library)_2_页面_219.png	D:\瑞安文化研究\Ruianese\Ruianese_upload\Ruianese_Tying_Method\output\jie_yong_ki\book_ocr\page_219.txt	D:\瑞安文化研究\Ruianese\Ruianese_upload\Ruianese_Tying_Method\output\jie_yong_ki\book_ocr\page_219.tsv	424	24	221	40.19	134	review	low_confidence
220	D:\瑞安文化研究\Ruianese\張永愷書之圖\瑞安方言读音字典 (张永恺) (Z-Library)_2_页面_220.png	D:\瑞安文化研究\Ruianese\Ruianese_upload\Ruianese_Tying_Method\output\jie_yong_ki\book_ocr\page_220.txt	D:\瑞安文化研究\Ruianese\Ruianese_upload\Ruianese_Tying_Method\output\jie_yong_ki\book_ocr\page_220.tsv	269	10	96	25.59	85	review	low_confidence
221	D:\瑞安文化研究\Ruianese\張永愷書之圖\瑞安方言读音字典 (张永恺) (Z-Library)_2_页面_221.png	D:\瑞安文化研究\Ruianese\Ruianese_upload\Ruianese_Tying_Method\output\jie_yong_ki\book_ocr\page_221.txt	D:\瑞安文化研究\Ruianese\Ruianese_upload\Ruianese_Tying_Method\output\jie_yong_ki\book_ocr\page_221.tsv	237	4	91	25.37	84	review	low_confidence
222	D:\瑞安文化研究\Ruianese\張永愷書之圖\瑞安方言读音字典 (张永恺) (Z-Library)_2_页面_222.png	D:\瑞安文化研究\Ruianese\Ruianese_upload\Ruianese_Tying_Method\output\jie_yong_ki\book_ocr\page_222.txt	D:\瑞安文化研究\Ruianese\Ruianese_upload\Ruianese_Tying_Method\output\jie_yong_ki\book_ocr\page_222.tsv	283	5	102	25.98	82	review	low_confidence
223	D:\瑞安文化研究\Ruianese\張永愷書之圖\瑞安方言读音字典 (张永恺) (Z-Library)_2_页面_223.png	D:\瑞安文化研究\Ruianese\Ruianese_upload\Ruianese_Tying_Method\output\jie_yong_ki\book_ocr\page_223.txt	D:\瑞安文化研究\Ruianese\Ruianese_upload\Ruianese_Tying_Method\output\jie_yong_ki\book_ocr\page_223.tsv	204	13	82	30.91	71	review	low_confidence
224	D:\瑞安文化研究\Ruianese\張永愷書之圖\瑞安方言读音字典 (张永恺) (Z-Library)_2_页面_224.png	D:\瑞安文化研究\Ruianese\Ruianese_upload\Ruianese_Tying_Method\output\jie_yong_ki\book_ocr\page_224.txt	D:\瑞安文化研究\Ruianese\Ruianese_upload\Ruianese_Tying_Method\output\jie_yong_ki\book_ocr\page_224.tsv	262	20	106	26.74	89	review	low_confidence
225	D:\瑞安文化研究\Ruianese\張永愷書之圖\瑞安方言读音字典 (张永恺) (Z-Library)_2_页面_225.png	D:\瑞安文化研究\Ruianese\Ruianese_upload\Ruianese_Tying_Method\output\jie_yong_ki\book_ocr\page_225.txt	D:\瑞安文化研究\Ruianese\Ruianese_upload\Ruianese_Tying_Method\output\jie_yong_ki\book_ocr\page_225.tsv	290	7	101	23.25	89	review	low_confidence
226	D:\瑞安文化研究\Ruianese\張永愷書之圖\瑞安方言读音字典 (张永恺) (Z-Library)_2_页面_226.png	D:\瑞安文化研究\Ruianese\Ruianese_upload\Ruianese_Tying_Method\output\jie_yong_ki\book_ocr\page_226.txt	D:\瑞安文化研究\Ruianese\Ruianese_upload\Ruianese_Tying_Method\output\jie_yong_ki\book_ocr\page_226.tsv	255	11	105	38.85	68	review	low_confidence
227	D:\瑞安文化研究\Ruianese\張永愷書之圖\瑞安方言读音字典 (张永恺) (Z-Library)_2_页面_227.png	D:\瑞安文化研究\Ruianese\Ruianese_upload\Ruianese_Tying_Method\output\jie_yong_ki\book_ocr\page_227.txt	D:\瑞安文化研究\Ruianese\Ruianese_upload\Ruianese_Tying_Method\output\jie_yong_ki\book_ocr\page_227.tsv	321	26	154	37.01	104	review	low_confidence
228	D:\瑞安文化研究\Ruianese\張永愷書之圖\瑞安方言读音字典 (张永恺) (Z-Library)_2_页面_228.png	D:\瑞安文化研究\Ruianese\Ruianese_upload\Ruianese_Tying_Method\output\jie_yong_ki\book_ocr\page_228.txt	D:\瑞安文化研究\Ruianese\Ruianese_upload\Ruianese_Tying_Method\output\jie_yong_ki\book_ocr\page_228.tsv	337	23	168	40.93	109	review	low_confidence
229	D:\瑞安文化研究\Ruianese\張永愷書之圖\瑞安方言读音字典 (张永恺) (Z-Library)_2_页面_229.png	D:\瑞安文化研究\Ruianese\Ruianese_upload\Ruianese_Tying_Method\output\jie_yong_ki\book_ocr\page_229.txt	D:\瑞安文化研究\Ruianese\Ruianese_upload\Ruianese_Tying_Method\output\jie_yong_ki\book_ocr\page_229.tsv	374	14	170	39.36	107	review	low_confidence
230	D:\瑞安文化研究\Ruianese\張永愷書之圖\瑞安方言读音字典 (张永恺) (Z-Library)_2_页面_230.png	D:\瑞安文化研究\Ruianese\Ruianese_upload\Ruianese_Tying_Method\output\jie_yong_ki\book_ocr\page_230.txt	D:\瑞安文化研究\Ruianese\Ruianese_upload\Ruianese_Tying_Method\output\jie_yong_ki\book_ocr\page_230.tsv	326	9	126	29.90	103	review	low_confidence
231	D:\瑞安文化研究\Ruianese\張永愷書之圖\瑞安方言读音字典 (张永恺) (Z-Library)_2_页面_231.png	D:\瑞安文化研究\Ruianese\Ruianese_upload\Ruianese_Tying_Method\output\jie_yong_ki\book_ocr\page_231.txt	D:\瑞安文化研究\Ruianese\Ruianese_upload\Ruianese_Tying_Method\output\jie_yong_ki\book_ocr\page_231.tsv	399	17	185	38.07	117	review	low_confidence
232	D:\瑞安文化研究\Ruianese\張永愷書之圖\瑞安方言读音字典 (张永恺) (Z-Library)_2_页面_232.png	D:\瑞安文化研究\Ruianese\Ruianese_upload\Ruianese_Tying_Method\output\jie_yong_ki\book_ocr\page_232.txt	D:\瑞安文化研究\Ruianese\Ruianese_upload\Ruianese_Tying_Method\output\jie_yong_ki\book_ocr\page_232.tsv	128	9	53	38.52	35	review	low_confidence
233	D:\瑞安文化研究\Ruianese\張永愷書之圖\瑞安方言读音字典 (张永恺) (Z-Library)_2_页面_233.png	D:\瑞安文化研究\Ruianese\Ruianese_upload\Ruianese_Tying_Method\output\jie_yong_ki\book_ocr\page_233.txt	D:\瑞安文化研究\Ruianese\Ruianese_upload\Ruianese_Tying_Method\output\jie_yong_ki\book_ocr\page_233.tsv	324	25	150	37.41	100	review	low_confidence
234	D:\瑞安文化研究\Ruianese\張永愷書之圖\瑞安方言读音字典 (张永恺) (Z-Library)_2_页面_234.png	D:\瑞安文化研究\Ruianese\Ruianese_upload\Ruianese_Tying_Method\output\jie_yong_ki\book_ocr\page_234.txt	D:\瑞安文化研究\Ruianese\Ruianese_upload\Ruianese_Tying_Method\output\jie_yong_ki\book_ocr\page_234.tsv	212	11	87	33.53	64	review	low_confidence
235	D:\瑞安文化研究\Ruianese\張永愷書之圖\瑞安方言读音字典 (张永恺) (Z-Library)_2_页面_235.png	D:\瑞安文化研究\Ruianese\Ruianese_upload\Ruianese_Tying_Method\output\jie_yong_ki\book_ocr\page_235.txt	D:\瑞安文化研究\Ruianese\Ruianese_upload\Ruianese_Tying_Method\output\jie_yong_ki\book_ocr\page_235.tsv	265	9	86	28.29	73	review	low_confidence
236	D:\瑞安文化研究\Ruianese\張永愷書之圖\瑞安方言读音字典 (张永恺) (Z-Library)_2_页面_236.png	D:\瑞安文化研究\Ruianese\Ruianese_upload\Ruianese_Tying_Method\output\jie_yong_ki\book_ocr\page_236.txt	D:\瑞安文化研究\Ruianese\Ruianese_upload\Ruianese_Tying_Method\output\jie_yong_ki\book_ocr\page_236.tsv	330	29	181	49.62	85	ok	
237	D:\瑞安文化研究\Ruianese\張永愷書之圖\瑞安方言读音字典 (张永恺) (Z-Library)_2_页面_237.png	D:\瑞安文化研究\Ruianese\Ruianese_upload\Ruianese_Tying_Method\output\jie_yong_ki\book_ocr\page_237.txt	D:\瑞安文化研究\Ruianese\Ruianese_upload\Ruianese_Tying_Method\output\jie_yong_ki\book_ocr\page_237.tsv	231	10	96	32.08	77	review	low_confidence
238	D:\瑞安文化研究\Ruianese\張永愷書之圖\瑞安方言读音字典 (张永恺) (Z-Library)_2_页面_238.png	D:\瑞安文化研究\Ruianese\Ruianese_upload\Ruianese_Tying_Method\output\jie_yong_ki\book_ocr\page_238.txt	D:\瑞安文化研究\Ruianese\Ruianese_upload\Ruianese_Tying_Method\output\jie_yong_ki\book_ocr\page_238.tsv	354	9	126	29.67	100	review	low_confidence
239	D:\瑞安文化研究\Ruianese\張永愷書之圖\瑞安方言读音字典 (张永恺) (Z-Library)_2_页面_239.png	D:\瑞安文化研究\Ruianese\Ruianese_upload\Ruianese_Tying_Method\output\jie_yong_ki\book_ocr\page_239.txt	D:\瑞安文化研究\Ruianese\Ruianese_upload\Ruianese_Tying_Method\output\jie_yong_ki\book_ocr\page_239.tsv	214	15	88	31.33	68	review	low_confidence
240	D:\瑞安文化研究\Ruianese\張永愷書之圖\瑞安方言读音字典 (张永恺) (Z-Library)_2_页面_240.png	D:\瑞安文化研究\Ruianese\Ruianese_upload\Ruianese_Tying_Method\output\jie_yong_ki\book_ocr\page_240.txt	D:\瑞安文化研究\Ruianese\Ruianese_upload\Ruianese_Tying_Method\output\jie_yong_ki\book_ocr\page_240.tsv	191	16	79	35.20	54	review	low_confidence
241	D:\瑞安文化研究\Ruianese\張永愷書之圖\瑞安方言读音字典 (张永恺) (Z-Library)_2_页面_241.png	D:\瑞安文化研究\Ruianese\Ruianese_upload\Ruianese_Tying_Method\output\jie_yong_ki\book_ocr\page_241.txt	D:\瑞安文化研究\Ruianese\Ruianese_upload\Ruianese_Tying_Method\output\jie_yong_ki\book_ocr\page_241.tsv	244	9	89	30.74	69	review	low_confidence
242	D:\瑞安文化研究\Ruianese\張永愷書之圖\瑞安方言读音字典 (张永恺) (Z-Library)_2_页面_242.png	D:\瑞安文化研究\Ruianese\Ruianese_upload\Ruianese_Tying_Method\output\jie_yong_ki\book_ocr\page_242.txt	D:\瑞安文化研究\Ruianese\Ruianese_upload\Ruianese_Tying_Method\output\jie_yong_ki\book_ocr\page_242.tsv	467	16	209	38.70	137	review	low_confidence
243	D:\瑞安文化研究\Ruianese\張永愷書之圖\瑞安方言读音字典 (张永恺) (Z-Library)_2_页面_243.png	D:\瑞安文化研究\Ruianese\Ruianese_upload\Ruianese_Tying_Method\output\jie_yong_ki\book_ocr\page_243.txt	D:\瑞安文化研究\Ruianese\Ruianese_upload\Ruianese_Tying_Method\output\jie_yong_ki\book_ocr\page_243.tsv	343	19	132	28.84	109	review	low_confidence
244	D:\瑞安文化研究\Ruianese\張永愷書之圖\瑞安方言读音字典 (张永恺) (Z-Library)_2_页面_244.png	D:\瑞安文化研究\Ruianese\Ruianese_upload\Ruianese_Tying_Method\output\jie_yong_ki\book_ocr\page_244.txt	D:\瑞安文化研究\Ruianese\Ruianese_upload\Ruianese_Tying_Method\output\jie_yong_ki\book_ocr\page_244.tsv	291	22	126	32.44	94	review	low_confidence
245	D:\瑞安文化研究\Ruianese\張永愷書之圖\瑞安方言读音字典 (张永恺) (Z-Library)_2_页面_245.png	D:\瑞安文化研究\Ruianese\Ruianese_upload\Ruianese_Tying_Method\output\jie_yong_ki\book_ocr\page_245.txt	D:\瑞安文化研究\Ruianese\Ruianese_upload\Ruianese_Tying_Method\output\jie_yong_ki\book_ocr\page_245.tsv	237	16	100	31.37	81	review	low_confidence
246	D:\瑞安文化研究\Ruianese\張永愷書之圖\瑞安方言读音字典 (张永恺) (Z-Library)_2_页面_246.png	D:\瑞安文化研究\Ruianese\Ruianese_upload\Ruianese_Tying_Method\output\jie_yong_ki\book_ocr\page_246.txt	D:\瑞安文化研究\Ruianese\Ruianese_upload\Ruianese_Tying_Method\output\jie_yong_ki\book_ocr\page_246.tsv	364	24	163	38.26	105	review	low_confidence
247	D:\瑞安文化研究\Ruianese\張永愷書之圖\瑞安方言读音字典 (张永恺) (Z-Library)_2_页面_247.png	D:\瑞安文化研究\Ruianese\Ruianese_upload\Ruianese_Tying_Method\output\jie_yong_ki\book_ocr\page_247.txt	D:\瑞安文化研究\Ruianese\Ruianese_upload\Ruianese_Tying_Method\output\jie_yong_ki\book_ocr\page_247.tsv	355	18	154	35.57	102	review	low_confidence
248	D:\瑞安文化研究\Ruianese\張永愷書之圖\瑞安方言读音字典 (张永恺) (Z-Library)_2_页面_248.png	D:\瑞安文化研究\Ruianese\Ruianese_upload\Ruianese_Tying_Method\output\jie_yong_ki\book_ocr\page_248.txt	D:\瑞安文化研究\Ruianese\Ruianese_upload\Ruianese_Tying_Method\output\jie_yong_ki\book_ocr\page_248.tsv	381	15	169	39.34	106	review	low_confidence
249	D:\瑞安文化研究\Ruianese\張永愷書之圖\瑞安方言读音字典 (张永恺) (Z-Library)_2_页面_249.png	D:\瑞安文化研究\Ruianese\Ruianese_upload\Ruianese_Tying_Method\output\jie_yong_ki\book_ocr\page_249.txt	D:\瑞安文化研究\Ruianese\Ruianese_upload\Ruianese_Tying_Method\output\jie_yong_ki\book_ocr\page_249.tsv	377	13	160	37.26	108	review	low_confidence
250	D:\瑞安文化研究\Ruianese\張永愷書之圖\瑞安方言读音字典 (张永恺) (Z-Library)_2_页面_250.png	D:\瑞安文化研究\Ruianese\Ruianese_upload\Ruianese_Tying_Method\output\jie_yong_ki\book_ocr\page_250.txt	D:\瑞安文化研究\Ruianese\Ruianese_upload\Ruianese_Tying_Method\output\jie_yong_ki\book_ocr\page_250.tsv	286	11	101	24.99	89	review	low_confidence
251	D:\瑞安文化研究\Ruianese\張永愷書之圖\瑞安方言读音字典 (张永恺) (Z-Library)_2_页面_251.png	D:\瑞安文化研究\Ruianese\Ruianese_upload\Ruianese_Tying_Method\output\jie_yong_ki\book_ocr\page_251.txt	D:\瑞安文化研究\Ruianese\Ruianese_upload\Ruianese_Tying_Method\output\jie_yong_ki\book_ocr\page_251.tsv	288	16	118	33.37	92	review	low_confidence
252	D:\瑞安文化研究\Ruianese\張永愷書之圖\瑞安方言读音字典 (张永恺) (Z-Library)_2_页面_252.png	D:\瑞安文化研究\Ruianese\Ruianese_upload\Ruianese_Tying_Method\output\jie_yong_ki\book_ocr\page_252.txt	D:\瑞安文化研究\Ruianese\Ruianese_upload\Ruianese_Tying_Method\output\jie_yong_ki\book_ocr\page_252.tsv	227	20	87	26.04	69	review	low_confidence
253	D:\瑞安文化研究\Ruianese\張永愷書之圖\瑞安方言读音字典 (张永恺) (Z-Library)_2_页面_253.png	D:\瑞安文化研究\Ruianese\Ruianese_upload\Ruianese_Tying_Method\output\jie_yong_ki\book_ocr\page_253.txt	D:\瑞安文化研究\Ruianese\Ruianese_upload\Ruianese_Tying_Method\output\jie_yong_ki\book_ocr\page_253.tsv	284	23	117	28.86	93	review	low_confidence
254	D:\瑞安文化研究\Ruianese\張永愷書之圖\瑞安方言读音字典 (张永恺) (Z-Library)_2_页面_254.png	D:\瑞安文化研究\Ruianese\Ruianese_upload\Ruianese_Tying_Method\output\jie_yong_ki\book_ocr\page_254.txt	D:\瑞安文化研究\Ruianese\Ruianese_upload\Ruianese_Tying_Method\output\jie_yong_ki\book_ocr\page_254.tsv	355	19	166	38.06	104	review	low_confidence
255	D:\瑞安文化研究\Ruianese\張永愷書之圖\瑞安方言读音字典 (张永恺) (Z-Library)_2_页面_255.png	D:\瑞安文化研究\Ruianese\Ruianese_upload\Ruianese_Tying_Method\output\jie_yong_ki\book_ocr\page_255.txt	D:\瑞安文化研究\Ruianese\Ruianese_upload\Ruianese_Tying_Method\output\jie_yong_ki\book_ocr\page_255.tsv	223	11	97	32.15	70	review	low_confidence
256	D:\瑞安文化研究\Ruianese\張永愷書之圖\瑞安方言读音字典 (张永恺) (Z-Library)_2_页面_256.png	D:\瑞安文化研究\Ruianese\Ruianese_upload\Ruianese_Tying_Method\output\jie_yong_ki\book_ocr\page_256.txt	D:\瑞安文化研究\Ruianese\Ruianese_upload\Ruianese_Tying_Method\output\jie_yong_ki\book_ocr\page_256.tsv	238	10	90	27.56	76	review	low_confidence
257	D:\瑞安文化研究\Ruianese\張永愷書之圖\瑞安方言读音字典 (张永恺) (Z-Library)_2_页面_257.png	D:\瑞安文化研究\Ruianese\Ruianese_upload\Ruianese_Tying_Method\output\jie_yong_ki\book_ocr\page_257.txt	D:\瑞安文化研究\Ruianese\Ruianese_upload\Ruianese_Tying_Method\output\jie_yong_ki\book_ocr\page_257.tsv	347	14	160	38.21	103	review	low_confidence
258	D:\瑞安文化研究\Ruianese\張永愷書之圖\瑞安方言读音字典 (张永恺) (Z-Library)_2_页面_258.png	D:\瑞安文化研究\Ruianese\Ruianese_upload\Ruianese_Tying_Method\output\jie_yong_ki\book_ocr\page_258.txt	D:\瑞安文化研究\Ruianese\Ruianese_upload\Ruianese_Tying_Method\output\jie_yong_ki\book_ocr\page_258.tsv	316	19	152	40.97	91	review	low_confidence
259	D:\瑞安文化研究\Ruianese\張永愷書之圖\瑞安方言读音字典 (张永恺) (Z-Library)_2_页面_259.png	D:\瑞安文化研究\Ruianese\Ruianese_upload\Ruianese_Tying_Method\output\jie_yong_ki\book_ocr\page_259.txt	D:\瑞安文化研究\Ruianese\Ruianese_upload\Ruianese_Tying_Method\output\jie_yong_ki\book_ocr\page_259.tsv	328	11	129	33.00	99	review	low_confidence
260	D:\瑞安文化研究\Ruianese\張永愷書之圖\瑞安方言读音字典 (张永恺) (Z-Library)_2_页面_260.png	D:\瑞安文化研究\Ruianese\Ruianese_upload\Ruianese_Tying_Method\output\jie_yong_ki\book_ocr\page_260.txt	D:\瑞安文化研究\Ruianese\Ruianese_upload\Ruianese_Tying_Method\output\jie_yong_ki\book_ocr\page_260.tsv	256	3	85	22.14	75	review	low_confidence
261	D:\瑞安文化研究\Ruianese\張永愷書之圖\瑞安方言读音字典 (张永恺) (Z-Library)_2_页面_261.png	D:\瑞安文化研究\Ruianese\Ruianese_upload\Ruianese_Tying_Method\output\jie_yong_ki\book_ocr\page_261.txt	D:\瑞安文化研究\Ruianese\Ruianese_upload\Ruianese_Tying_Method\output\jie_yong_ki\book_ocr\page_261.tsv	325	9	116	25.99	97	review	low_confidence
262	D:\瑞安文化研究\Ruianese\張永愷書之圖\瑞安方言读音字典 (张永恺) (Z-Library)_2_页面_262.png	D:\瑞安文化研究\Ruianese\Ruianese_upload\Ruianese_Tying_Method\output\jie_yong_ki\book_ocr\page_262.txt	D:\瑞安文化研究\Ruianese\Ruianese_upload\Ruianese_Tying_Method\output\jie_yong_ki\book_ocr\page_262.tsv	298	17	115	31.66	89	review	low_confidence
263	D:\瑞安文化研究\Ruianese\張永愷書之圖\瑞安方言读音字典 (张永恺) (Z-Library)_2_页面_263.png	D:\瑞安文化研究\Ruianese\Ruianese_upload\Ruianese_Tying_Method\output\jie_yong_ki\book_ocr\page_263.txt	D:\瑞安文化研究\Ruianese\Ruianese_upload\Ruianese_Tying_Method\output\jie_yong_ki\book_ocr\page_263.tsv	267	14	104	27.11	86	review	low_confidence
264	D:\瑞安文化研究\Ruianese\張永愷書之圖\瑞安方言读音字典 (张永恺) (Z-Library)_2_页面_264.png	D:\瑞安文化研究\Ruianese\Ruianese_upload\Ruianese_Tying_Method\output\jie_yong_ki\book_ocr\page_264.txt	D:\瑞安文化研究\Ruianese\Ruianese_upload\Ruianese_Tying_Method\output\jie_yong_ki\book_ocr\page_264.tsv	276	11	104	29.82	85	review	low_confidence
265	D:\瑞安文化研究\Ruianese\張永愷書之圖\瑞安方言读音字典 (张永恺) (Z-Library)_2_页面_265.png	D:\瑞安文化研究\Ruianese\Ruianese_upload\Ruianese_Tying_Method\output\jie_yong_ki\book_ocr\page_265.txt	D:\瑞安文化研究\Ruianese\Ruianese_upload\Ruianese_Tying_Method\output\jie_yong_ki\book_ocr\page_265.tsv	406	13	182	36.48	122	review	low_confidence
266	D:\瑞安文化研究\Ruianese\張永愷書之圖\瑞安方言读音字典 (张永恺) (Z-Library)_2_页面_266.png	D:\瑞安文化研究\Ruianese\Ruianese_upload\Ruianese_Tying_Method\output\jie_yong_ki\book_ocr\page_266.txt	D:\瑞安文化研究\Ruianese\Ruianese_upload\Ruianese_Tying_Method\output\jie_yong_ki\book_ocr\page_266.tsv	300	38	145	48.05	77	ok	
267	D:\瑞安文化研究\Ruianese\張永愷書之圖\瑞安方言读音字典 (张永恺) (Z-Library)_2_页面_267.png	D:\瑞安文化研究\Ruianese\Ruianese_upload\Ruianese_Tying_Method\output\jie_yong_ki\book_ocr\page_267.txt	D:\瑞安文化研究\Ruianese\Ruianese_upload\Ruianese_Tying_Method\output\jie_yong_ki\book_ocr\page_267.tsv	223	17	98	39.09	69	review	low_confidence
268	D:\瑞安文化研究\Ruianese\張永愷書之圖\瑞安方言读音字典 (张永恺) (Z-Library)_2_页面_268.png	D:\瑞安文化研究\Ruianese\Ruianese_upload\Ruianese_Tying_Method\output\jie_yong_ki\book_ocr\page_268.txt	D:\瑞安文化研究\Ruianese\Ruianese_upload\Ruianese_Tying_Method\output\jie_yong_ki\book_ocr\page_268.tsv	400	13	162	35.53	112	review	low_confidence
269	D:\瑞安文化研究\Ruianese\張永愷書之圖\瑞安方言读音字典 (张永恺) (Z-Library)_2_页面_269.png	D:\瑞安文化研究\Ruianese\Ruianese_upload\Ruianese_Tying_Method\output\jie_yong_ki\book_ocr\page_269.txt	D:\瑞安文化研究\Ruianese\Ruianese_upload\Ruianese_Tying_Method\output\jie_yong_ki\book_ocr\page_269.tsv	320	13	127	36.49	91	review	low_confidence
270	D:\瑞安文化研究\Ruianese\張永愷書之圖\瑞安方言读音字典 (张永恺) (Z-Library)_2_页面_270.png	D:\瑞安文化研究\Ruianese\Ruianese_upload\Ruianese_Tying_Method\output\jie_yong_ki\book_ocr\page_270.txt	D:\瑞安文化研究\Ruianese\Ruianese_upload\Ruianese_Tying_Method\output\jie_yong_ki\book_ocr\page_270.tsv	375	23	183	38.58	115	review	low_confidence
271	D:\瑞安文化研究\Ruianese\張永愷書之圖\瑞安方言读音字典 (张永恺) (Z-Library)_2_页面_271.png	D:\瑞安文化研究\Ruianese\Ruianese_upload\Ruianese_Tying_Method\output\jie_yong_ki\book_ocr\page_271.txt	D:\瑞安文化研究\Ruianese\Ruianese_upload\Ruianese_Tying_Method\output\jie_yong_ki\book_ocr\page_271.tsv	252	14	96	30.38	73	review	low_confidence
272	D:\瑞安文化研究\Ruianese\張永愷書之圖\瑞安方言读音字典 (张永恺) (Z-Library)_2_页面_272.png	D:\瑞安文化研究\Ruianese\Ruianese_upload\Ruianese_Tying_Method\output\jie_yong_ki\book_ocr\page_272.txt	D:\瑞安文化研究\Ruianese\Ruianese_upload\Ruianese_Tying_Method\output\jie_yong_ki\book_ocr\page_272.tsv	318	11	117	32.61	86	review	low_confidence
273	D:\瑞安文化研究\Ruianese\張永愷書之圖\瑞安方言读音字典 (张永恺) (Z-Library)_2_页面_273.png	D:\瑞安文化研究\Ruianese\Ruianese_upload\Ruianese_Tying_Method\output\jie_yong_ki\book_ocr\page_273.txt	D:\瑞安文化研究\Ruianese\Ruianese_upload\Ruianese_Tying_Method\output\jie_yong_ki\book_ocr\page_273.tsv	396	19	176	43.00	103	review	low_confidence
274	D:\瑞安文化研究\Ruianese\張永愷書之圖\瑞安方言读音字典 (张永恺) (Z-Library)_2_页面_274.png	D:\瑞安文化研究\Ruianese\Ruianese_upload\Ruianese_Tying_Method\output\jie_yong_ki\book_ocr\page_274.txt	D:\瑞安文化研究\Ruianese\Ruianese_upload\Ruianese_Tying_Method\output\jie_yong_ki\book_ocr\page_274.tsv	238	17	95	28.09	75	review	low_confidence
275	D:\瑞安文化研究\Ruianese\張永愷書之圖\瑞安方言读音字典 (张永恺) (Z-Library)_2_页面_275.png	D:\瑞安文化研究\Ruianese\Ruianese_upload\Ruianese_Tying_Method\output\jie_yong_ki\book_ocr\page_275.txt	D:\瑞安文化研究\Ruianese\Ruianese_upload\Ruianese_Tying_Method\output\jie_yong_ki\book_ocr\page_275.tsv	265	17	99	28.92	73	review	low_confidence
276	D:\瑞安文化研究\Ruianese\張永愷書之圖\瑞安方言读音字典 (张永恺) (Z-Library)_2_页面_276.png	D:\瑞安文化研究\Ruianese\Ruianese_upload\Ruianese_Tying_Method\output\jie_yong_ki\book_ocr\page_276.txt	D:\瑞安文化研究\Ruianese\Ruianese_upload\Ruianese_Tying_Method\output\jie_yong_ki\book_ocr\page_276.tsv	380	16	163	35.84	108	review	low_confidence
277	D:\瑞安文化研究\Ruianese\張永愷書之圖\瑞安方言读音字典 (张永恺) (Z-Library)_2_页面_277.png	D:\瑞安文化研究\Ruianese\Ruianese_upload\Ruianese_Tying_Method\output\jie_yong_ki\book_ocr\page_277.txt	D:\瑞安文化研究\Ruianese\Ruianese_upload\Ruianese_Tying_Method\output\jie_yong_ki\book_ocr\page_277.tsv	272	9	97	28.42	77	review	low_confidence
278	D:\瑞安文化研究\Ruianese\張永愷書之圖\瑞安方言读音字典 (张永恺) (Z-Library)_2_页面_278.png	D:\瑞安文化研究\Ruianese\Ruianese_upload\Ruianese_Tying_Method\output\jie_yong_ki\book_ocr\page_278.txt	D:\瑞安文化研究\Ruianese\Ruianese_upload\Ruianese_Tying_Method\output\jie_yong_ki\book_ocr\page_278.tsv	308	3	116	28.74	94	review	low_confidence
279	D:\瑞安文化研究\Ruianese\張永愷書之圖\瑞安方言读音字典 (张永恺) (Z-Library)_2_页面_279.png	D:\瑞安文化研究\Ruianese\Ruianese_upload\Ruianese_Tying_Method\output\jie_yong_ki\book_ocr\page_279.txt	D:\瑞安文化研究\Ruianese\Ruianese_upload\Ruianese_Tying_Method\output\jie_yong_ki\book_ocr\page_279.tsv	271	14	109	32.27	80	review	low_confidence
280	D:\瑞安文化研究\Ruianese\張永愷書之圖\瑞安方言读音字典 (张永恺) (Z-Library)_2_页面_280.png	D:\瑞安文化研究\Ruianese\Ruianese_upload\Ruianese_Tying_Method\output\jie_yong_ki\book_ocr\page_280.txt	D:\瑞安文化研究\Ruianese\Ruianese_upload\Ruianese_Tying_Method\output\jie_yong_ki\book_ocr\page_280.tsv	315	23	150	38.01	94	review	low_confidence
281	D:\瑞安文化研究\Ruianese\張永愷書之圖\瑞安方言读音字典 (张永恺) (Z-Library)_2_页面_281.png	D:\瑞安文化研究\Ruianese\Ruianese_upload\Ruianese_Tying_Method\output\jie_yong_ki\book_ocr\page_281.txt	D:\瑞安文化研究\Ruianese\Ruianese_upload\Ruianese_Tying_Method\output\jie_yong_ki\book_ocr\page_281.tsv	235	13	95	30.43	76	review	low_confidence
282	D:\瑞安文化研究\Ruianese\張永愷書之圖\瑞安方言读音字典 (张永恺) (Z-Library)_2_页面_282.png	D:\瑞安文化研究\Ruianese\Ruianese_upload\Ruianese_Tying_Method\output\jie_yong_ki\book_ocr\page_282.txt	D:\瑞安文化研究\Ruianese\Ruianese_upload\Ruianese_Tying_Method\output\jie_yong_ki\book_ocr\page_282.tsv	371	27	186	40.00	110	review	low_confidence
283	D:\瑞安文化研究\Ruianese\張永愷書之圖\瑞安方言读音字典 (张永恺) (Z-Library)_2_页面_283.png	D:\瑞安文化研究\Ruianese\Ruianese_upload\Ruianese_Tying_Method\output\jie_yong_ki\book_ocr\page_283.txt	D:\瑞安文化研究\Ruianese\Ruianese_upload\Ruianese_Tying_Method\output\jie_yong_ki\book_ocr\page_283.tsv	381	20	193	43.35	110	review	low_confidence
284	D:\瑞安文化研究\Ruianese\張永愷書之圖\瑞安方言读音字典 (张永恺) (Z-Library)_2_页面_284.png	D:\瑞安文化研究\Ruianese\Ruianese_upload\Ruianese_Tying_Method\output\jie_yong_ki\book_ocr\page_284.txt	D:\瑞安文化研究\Ruianese\Ruianese_upload\Ruianese_Tying_Method\output\jie_yong_ki\book_ocr\page_284.tsv	281	21	118	33.54	87	review	low_confidence
285	D:\瑞安文化研究\Ruianese\張永愷書之圖\瑞安方言读音字典 (张永恺) (Z-Library)_2_页面_285.png	D:\瑞安文化研究\Ruianese\Ruianese_upload\Ruianese_Tying_Method\output\jie_yong_ki\book_ocr\page_285.txt	D:\瑞安文化研究\Ruianese\Ruianese_upload\Ruianese_Tying_Method\output\jie_yong_ki\book_ocr\page_285.tsv	278	35	145	42.75	91	review	low_confidence
286	D:\瑞安文化研究\Ruianese\張永愷書之圖\瑞安方言读音字典 (张永恺) (Z-Library)_2_页面_286.png	D:\瑞安文化研究\Ruianese\Ruianese_upload\Ruianese_Tying_Method\output\jie_yong_ki\book_ocr\page_286.txt	D:\瑞安文化研究\Ruianese\Ruianese_upload\Ruianese_Tying_Method\output\jie_yong_ki\book_ocr\page_286.tsv	282	19	118	34.30	81	review	low_confidence
287	D:\瑞安文化研究\Ruianese\張永愷書之圖\瑞安方言读音字典 (张永恺) (Z-Library)_2_页面_287.png	D:\瑞安文化研究\Ruianese\Ruianese_upload\Ruianese_Tying_Method\output\jie_yong_ki\book_ocr\page_287.txt	D:\瑞安文化研究\Ruianese\Ruianese_upload\Ruianese_Tying_Method\output\jie_yong_ki\book_ocr\page_287.tsv	335	16	133	34.07	88	review	low_confidence
288	D:\瑞安文化研究\Ruianese\張永愷書之圖\瑞安方言读音字典 (张永恺) (Z-Library)_2_页面_288.png	D:\瑞安文化研究\Ruianese\Ruianese_upload\Ruianese_Tying_Method\output\jie_yong_ki\book_ocr\page_288.txt	D:\瑞安文化研究\Ruianese\Ruianese_upload\Ruianese_Tying_Method\output\jie_yong_ki\book_ocr\page_288.tsv	320	6	121	32.61	92	review	low_confidence
289	D:\瑞安文化研究\Ruianese\張永愷書之圖\瑞安方言读音字典 (张永恺) (Z-Library)_2_页面_289.png	D:\瑞安文化研究\Ruianese\Ruianese_upload\Ruianese_Tying_Method\output\jie_yong_ki\book_ocr\page_289.txt	D:\瑞安文化研究\Ruianese\Ruianese_upload\Ruianese_Tying_Method\output\jie_yong_ki\book_ocr\page_289.tsv	219	10	90	34.53	66	review	low_confidence
290	D:\瑞安文化研究\Ruianese\張永愷書之圖\瑞安方言读音字典 (张永恺) (Z-Library)_2_页面_290.png	D:\瑞安文化研究\Ruianese\Ruianese_upload\Ruianese_Tying_Method\output\jie_yong_ki\book_ocr\page_290.txt	D:\瑞安文化研究\Ruianese\Ruianese_upload\Ruianese_Tying_Method\output\jie_yong_ki\book_ocr\page_290.tsv	325	27	161	37.72	101	review	low_confidence
291	D:\瑞安文化研究\Ruianese\張永愷書之圖\瑞安方言读音字典 (张永恺) (Z-Library)_2_页面_291.png	D:\瑞安文化研究\Ruianese\Ruianese_upload\Ruianese_Tying_Method\output\jie_yong_ki\book_ocr\page_291.txt	D:\瑞安文化研究\Ruianese\Ruianese_upload\Ruianese_Tying_Method\output\jie_yong_ki\book_ocr\page_291.tsv	264	24	116	32.45	89	review	low_confidence
292	D:\瑞安文化研究\Ruianese\張永愷書之圖\瑞安方言读音字典 (张永恺) (Z-Library)_2_页面_292.png	D:\瑞安文化研究\Ruianese\Ruianese_upload\Ruianese_Tying_Method\output\jie_yong_ki\book_ocr\page_292.txt	D:\瑞安文化研究\Ruianese\Ruianese_upload\Ruianese_Tying_Method\output\jie_yong_ki\book_ocr\page_292.tsv	411	19	192	39.30	126	review	low_confidence
293	D:\瑞安文化研究\Ruianese\張永愷書之圖\瑞安方言读音字典 (张永恺) (Z-Library)_2_页面_293.png	D:\瑞安文化研究\Ruianese\Ruianese_upload\Ruianese_Tying_Method\output\jie_yong_ki\book_ocr\page_293.txt	D:\瑞安文化研究\Ruianese\Ruianese_upload\Ruianese_Tying_Method\output\jie_yong_ki\book_ocr\page_293.tsv	205	0	81	26.11	69	review	low_confidence
294	D:\瑞安文化研究\Ruianese\張永愷書之圖\瑞安方言读音字典 (张永恺) (Z-Library)_2_页面_294.png	D:\瑞安文化研究\Ruianese\Ruianese_upload\Ruianese_Tying_Method\output\jie_yong_ki\book_ocr\page_294.txt	D:\瑞安文化研究\Ruianese\Ruianese_upload\Ruianese_Tying_Method\output\jie_yong_ki\book_ocr\page_294.tsv	307	3	110	27.09	89	review	low_confidence
295	D:\瑞安文化研究\Ruianese\張永愷書之圖\瑞安方言读音字典 (张永恺) (Z-Library)_2_页面_295.png	D:\瑞安文化研究\Ruianese\Ruianese_upload\Ruianese_Tying_Method\output\jie_yong_ki\book_ocr\page_295.txt	D:\瑞安文化研究\Ruianese\Ruianese_upload\Ruianese_Tying_Method\output\jie_yong_ki\book_ocr\page_295.tsv	381	41	209	46.86	103	ok	
296	D:\瑞安文化研究\Ruianese\張永愷書之圖\瑞安方言读音字典 (张永恺) (Z-Library)_2_页面_296.png	D:\瑞安文化研究\Ruianese\Ruianese_upload\Ruianese_Tying_Method\output\jie_yong_ki\book_ocr\page_296.txt	D:\瑞安文化研究\Ruianese\Ruianese_upload\Ruianese_Tying_Method\output\jie_yong_ki\book_ocr\page_296.tsv	306	39	156	50.39	67	ok	
297	D:\瑞安文化研究\Ruianese\張永愷書之圖\瑞安方言读音字典 (张永恺) (Z-Library)_2_页面_297.png	D:\瑞安文化研究\Ruianese\Ruianese_upload\Ruianese_Tying_Method\output\jie_yong_ki\book_ocr\page_297.txt	D:\瑞安文化研究\Ruianese\Ruianese_upload\Ruianese_Tying_Method\output\jie_yong_ki\book_ocr\page_297.tsv	325	14	135	33.66	100	review	low_confidence
298	D:\瑞安文化研究\Ruianese\張永愷書之圖\瑞安方言读音字典 (张永恺) (Z-Library)_2_页面_298.png	D:\瑞安文化研究\Ruianese\Ruianese_upload\Ruianese_Tying_Method\output\jie_yong_ki\book_ocr\page_298.txt	D:\瑞安文化研究\Ruianese\Ruianese_upload\Ruianese_Tying_Method\output\jie_yong_ki\book_ocr\page_298.tsv	407	12	178	36.34	123	review	low_confidence
299	D:\瑞安文化研究\Ruianese\張永愷書之圖\瑞安方言读音字典 (张永恺) (Z-Library)_2_页面_299.png	D:\瑞安文化研究\Ruianese\Ruianese_upload\Ruianese_Tying_Method\output\jie_yong_ki\book_ocr\page_299.txt	D:\瑞安文化研究\Ruianese\Ruianese_upload\Ruianese_Tying_Method\output\jie_yong_ki\book_ocr\page_299.tsv	374	48	200	45.70	103	ok	
300	D:\瑞安文化研究\Ruianese\張永愷書之圖\瑞安方言读音字典 (张永恺) (Z-Library)_2_页面_300.png	D:\瑞安文化研究\Ruianese\Ruianese_upload\Ruianese_Tying_Method\output\jie_yong_ki\book_ocr\page_300.txt	D:\瑞安文化研究\Ruianese\Ruianese_upload\Ruianese_Tying_Method\output\jie_yong_ki\book_ocr\page_300.tsv	266	3	95	28.78	80	review	low_confidence
301	D:\瑞安文化研究\Ruianese\張永愷書之圖\瑞安方言读音字典 (张永恺) (Z-Library)_2_页面_301.png	D:\瑞安文化研究\Ruianese\Ruianese_upload\Ruianese_Tying_Method\output\jie_yong_ki\book_ocr\page_301.txt	D:\瑞安文化研究\Ruianese\Ruianese_upload\Ruianese_Tying_Method\output\jie_yong_ki\book_ocr\page_301.tsv	332	17	155	39.38	98	review	low_confidence
302	D:\瑞安文化研究\Ruianese\張永愷書之圖\瑞安方言读音字典 (张永恺) (Z-Library)_2_页面_302.png	D:\瑞安文化研究\Ruianese\Ruianese_upload\Ruianese_Tying_Method\output\jie_yong_ki\book_ocr\page_302.txt	D:\瑞安文化研究\Ruianese\Ruianese_upload\Ruianese_Tying_Method\output\jie_yong_ki\book_ocr\page_302.tsv	293	13	126	35.81	90	review	low_confidence
303	D:\瑞安文化研究\Ruianese\張永愷書之圖\瑞安方言读音字典 (张永恺) (Z-Library)_2_页面_303.png	D:\瑞安文化研究\Ruianese\Ruianese_upload\Ruianese_Tying_Method\output\jie_yong_ki\book_ocr\page_303.txt	D:\瑞安文化研究\Ruianese\Ruianese_upload\Ruianese_Tying_Method\output\jie_yong_ki\book_ocr\page_303.tsv	342	8	152	37.19	102	review	low_confidence
304	D:\瑞安文化研究\Ruianese\張永愷書之圖\瑞安方言读音字典 (张永恺) (Z-Library)_2_页面_304.png	D:\瑞安文化研究\Ruianese\Ruianese_upload\Ruianese_Tying_Method\output\jie_yong_ki\book_ocr\page_304.txt	D:\瑞安文化研究\Ruianese\Ruianese_upload\Ruianese_Tying_Method\output\jie_yong_ki\book_ocr\page_304.tsv	162	12	73	34.08	55	review	low_confidence
305	D:\瑞安文化研究\Ruianese\張永愷書之圖\瑞安方言读音字典 (张永恺) (Z-Library)_2_页面_305.png	D:\瑞安文化研究\Ruianese\Ruianese_upload\Ruianese_Tying_Method\output\jie_yong_ki\book_ocr\page_305.txt	D:\瑞安文化研究\Ruianese\Ruianese_upload\Ruianese_Tying_Method\output\jie_yong_ki\book_ocr\page_305.tsv	157	10	69	36.85	49	review	low_confidence
306	D:\瑞安文化研究\Ruianese\張永愷書之圖\瑞安方言读音字典 (张永恺) (Z-Library)_2_页面_306.png	D:\瑞安文化研究\Ruianese\Ruianese_upload\Ruianese_Tying_Method\output\jie_yong_ki\book_ocr\page_306.txt	D:\瑞安文化研究\Ruianese\Ruianese_upload\Ruianese_Tying_Method\output\jie_yong_ki\book_ocr\page_306.tsv	286	12	120	35.76	85	review	low_confidence
307	D:\瑞安文化研究\Ruianese\張永愷書之圖\瑞安方言读音字典 (张永恺) (Z-Library)_2_页面_307.png	D:\瑞安文化研究\Ruianese\Ruianese_upload\Ruianese_Tying_Method\output\jie_yong_ki\book_ocr\page_307.txt	D:\瑞安文化研究\Ruianese\Ruianese_upload\Ruianese_Tying_Method\output\jie_yong_ki\book_ocr\page_307.tsv	168	10	61	27.51	51	review	low_confidence
308	D:\瑞安文化研究\Ruianese\張永愷書之圖\瑞安方言读音字典 (张永恺) (Z-Library)_2_页面_308.png	D:\瑞安文化研究\Ruianese\Ruianese_upload\Ruianese_Tying_Method\output\jie_yong_ki\book_ocr\page_308.txt	D:\瑞安文化研究\Ruianese\Ruianese_upload\Ruianese_Tying_Method\output\jie_yong_ki\book_ocr\page_308.tsv	445	23	230	43.69	127	review	low_confidence
309	D:\瑞安文化研究\Ruianese\張永愷書之圖\瑞安方言读音字典 (张永恺) (Z-Library)_2_页面_309.png	D:\瑞安文化研究\Ruianese\Ruianese_upload\Ruianese_Tying_Method\output\jie_yong_ki\book_ocr\page_309.txt	D:\瑞安文化研究\Ruianese\Ruianese_upload\Ruianese_Tying_Method\output\jie_yong_ki\book_ocr\page_309.tsv	354	12	162	39.76	104	review	low_confidence
310	D:\瑞安文化研究\Ruianese\張永愷書之圖\瑞安方言读音字典 (张永恺) (Z-Library)_2_页面_310.png	D:\瑞安文化研究\Ruianese\Ruianese_upload\Ruianese_Tying_Method\output\jie_yong_ki\book_ocr\page_310.txt	D:\瑞安文化研究\Ruianese\Ruianese_upload\Ruianese_Tying_Method\output\jie_yong_ki\book_ocr\page_310.tsv	325	15	128	33.33	95	review	low_confidence
311	D:\瑞安文化研究\Ruianese\張永愷書之圖\瑞安方言读音字典 (张永恺) (Z-Library)_2_页面_311.png	D:\瑞安文化研究\Ruianese\Ruianese_upload\Ruianese_Tying_Method\output\jie_yong_ki\book_ocr\page_311.txt	D:\瑞安文化研究\Ruianese\Ruianese_upload\Ruianese_Tying_Method\output\jie_yong_ki\book_ocr\page_311.tsv	473	24	227	39.90	137	review	low_confidence
312	D:\瑞安文化研究\Ruianese\張永愷書之圖\瑞安方言读音字典 (张永恺) (Z-Library)_2_页面_312.png	D:\瑞安文化研究\Ruianese\Ruianese_upload\Ruianese_Tying_Method\output\jie_yong_ki\book_ocr\page_312.txt	D:\瑞安文化研究\Ruianese\Ruianese_upload\Ruianese_Tying_Method\output\jie_yong_ki\book_ocr\page_312.tsv	401	10	195	41.64	110	review	low_confidence
313	D:\瑞安文化研究\Ruianese\張永愷書之圖\瑞安方言读音字典 (张永恺) (Z-Library)_2_页面_313.png	D:\瑞安文化研究\Ruianese\Ruianese_upload\Ruianese_Tying_Method\output\jie_yong_ki\book_ocr\page_313.txt	D:\瑞安文化研究\Ruianese\Ruianese_upload\Ruianese_Tying_Method\output\jie_yong_ki\book_ocr\page_313.tsv	295	10	104	29.41	86	review	low_confidence
314	D:\瑞安文化研究\Ruianese\張永愷書之圖\瑞安方言读音字典 (张永恺) (Z-Library)_2_页面_314.png	D:\瑞安文化研究\Ruianese\Ruianese_upload\Ruianese_Tying_Method\output\jie_yong_ki\book_ocr\page_314.txt	D:\瑞安文化研究\Ruianese\Ruianese_upload\Ruianese_Tying_Method\output\jie_yong_ki\book_ocr\page_314.tsv	290	9	95	26.24	73	review	low_confidence
315	D:\瑞安文化研究\Ruianese\張永愷書之圖\瑞安方言读音字典 (张永恺) (Z-Library)_2_页面_315.png	D:\瑞安文化研究\Ruianese\Ruianese_upload\Ruianese_Tying_Method\output\jie_yong_ki\book_ocr\page_315.txt	D:\瑞安文化研究\Ruianese\Ruianese_upload\Ruianese_Tying_Method\output\jie_yong_ki\book_ocr\page_315.tsv	422	23	188	40.44	116	review	low_confidence
316	D:\瑞安文化研究\Ruianese\張永愷書之圖\瑞安方言读音字典 (张永恺) (Z-Library)_2_页面_316.png	D:\瑞安文化研究\Ruianese\Ruianese_upload\Ruianese_Tying_Method\output\jie_yong_ki\book_ocr\page_316.txt	D:\瑞安文化研究\Ruianese\Ruianese_upload\Ruianese_Tying_Method\output\jie_yong_ki\book_ocr\page_316.tsv	326	10	134	35.62	92	review	low_confidence
317	D:\瑞安文化研究\Ruianese\張永愷書之圖\瑞安方言读音字典 (张永恺) (Z-Library)_2_页面_317.png	D:\瑞安文化研究\Ruianese\Ruianese_upload\Ruianese_Tying_Method\output\jie_yong_ki\book_ocr\page_317.txt	D:\瑞安文化研究\Ruianese\Ruianese_upload\Ruianese_Tying_Method\output\jie_yong_ki\book_ocr\page_317.tsv	318	18	142	35.83	101	review	low_confidence
318	D:\瑞安文化研究\Ruianese\張永愷書之圖\瑞安方言读音字典 (张永恺) (Z-Library)_2_页面_318.png	D:\瑞安文化研究\Ruianese\Ruianese_upload\Ruianese_Tying_Method\output\jie_yong_ki\book_ocr\page_318.txt	D:\瑞安文化研究\Ruianese\Ruianese_upload\Ruianese_Tying_Method\output\jie_yong_ki\book_ocr\page_318.tsv	229	11	95	33.98	71	review	low_confidence
319	D:\瑞安文化研究\Ruianese\張永愷書之圖\瑞安方言读音字典 (张永恺) (Z-Library)_2_页面_319.png	D:\瑞安文化研究\Ruianese\Ruianese_upload\Ruianese_Tying_Method\output\jie_yong_ki\book_ocr\page_319.txt	D:\瑞安文化研究\Ruianese\Ruianese_upload\Ruianese_Tying_Method\output\jie_yong_ki\book_ocr\page_319.tsv	371	20	176	42.49	102	review	low_confidence
320	D:\瑞安文化研究\Ruianese\張永愷書之圖\瑞安方言读音字典 (张永恺) (Z-Library)_2_页面_320.png	D:\瑞安文化研究\Ruianese\Ruianese_upload\Ruianese_Tying_Method\output\jie_yong_ki\book_ocr\page_320.txt	D:\瑞安文化研究\Ruianese\Ruianese_upload\Ruianese_Tying_Method\output\jie_yong_ki\book_ocr\page_320.tsv	390	7	180	38.28	115	review	low_confidence
321	D:\瑞安文化研究\Ruianese\張永愷書之圖\瑞安方言读音字典 (张永恺) (Z-Library)_2_页面_321.png	D:\瑞安文化研究\Ruianese\Ruianese_upload\Ruianese_Tying_Method\output\jie_yong_ki\book_ocr\page_321.txt	D:\瑞安文化研究\Ruianese\Ruianese_upload\Ruianese_Tying_Method\output\jie_yong_ki\book_ocr\page_321.tsv	343	12	161	37.92	104	review	low_confidence
322	D:\瑞安文化研究\Ruianese\張永愷書之圖\瑞安方言读音字典 (张永恺) (Z-Library)_2_页面_322.png	D:\瑞安文化研究\Ruianese\Ruianese_upload\Ruianese_Tying_Method\output\jie_yong_ki\book_ocr\page_322.txt	D:\瑞安文化研究\Ruianese\Ruianese_upload\Ruianese_Tying_Method\output\jie_yong_ki\book_ocr\page_322.tsv	430	21	198	36.11	136	review	low_confidence
323	D:\瑞安文化研究\Ruianese\張永愷書之圖\瑞安方言读音字典 (张永恺) (Z-Library)_2_页面_323.png	D:\瑞安文化研究\Ruianese\Ruianese_upload\Ruianese_Tying_Method\output\jie_yong_ki\book_ocr\page_323.txt	D:\瑞安文化研究\Ruianese\Ruianese_upload\Ruianese_Tying_Method\output\jie_yong_ki\book_ocr\page_323.tsv	203	10	81	23.40	68	review	low_confidence
324	D:\瑞安文化研究\Ruianese\張永愷書之圖\瑞安方言读音字典 (张永恺) (Z-Library)_2_页面_324.png	D:\瑞安文化研究\Ruianese\Ruianese_upload\Ruianese_Tying_Method\output\jie_yong_ki\book_ocr\page_324.txt	D:\瑞安文化研究\Ruianese\Ruianese_upload\Ruianese_Tying_Method\output\jie_yong_ki\book_ocr\page_324.tsv	239	3	89	27.81	76	review	low_confidence
325	D:\瑞安文化研究\Ruianese\張永愷書之圖\瑞安方言读音字典 (张永恺) (Z-Library)_2_页面_325.png	D:\瑞安文化研究\Ruianese\Ruianese_upload\Ruianese_Tying_Method\output\jie_yong_ki\book_ocr\page_325.txt	D:\瑞安文化研究\Ruianese\Ruianese_upload\Ruianese_Tying_Method\output\jie_yong_ki\book_ocr\page_325.tsv	356	21	158	38.90	94	review	low_confidence
326	D:\瑞安文化研究\Ruianese\張永愷書之圖\瑞安方言读音字典 (张永恺) (Z-Library)_2_页面_326.png	D:\瑞安文化研究\Ruianese\Ruianese_upload\Ruianese_Tying_Method\output\jie_yong_ki\book_ocr\page_326.txt	D:\瑞安文化研究\Ruianese\Ruianese_upload\Ruianese_Tying_Method\output\jie_yong_ki\book_ocr\page_326.tsv	330	26	162	41.25	94	review	low_confidence
327	D:\瑞安文化研究\Ruianese\張永愷書之圖\瑞安方言读音字典 (张永恺) (Z-Library)_2_页面_327.png	D:\瑞安文化研究\Ruianese\Ruianese_upload\Ruianese_Tying_Method\output\jie_yong_ki\book_ocr\page_327.txt	D:\瑞安文化研究\Ruianese\Ruianese_upload\Ruianese_Tying_Method\output\jie_yong_ki\book_ocr\page_327.tsv	410	13	188	38.20	118	review	low_confidence
328	D:\瑞安文化研究\Ruianese\張永愷書之圖\瑞安方言读音字典 (张永恺) (Z-Library)_2_页面_328.png	D:\瑞安文化研究\Ruianese\Ruianese_upload\Ruianese_Tying_Method\output\jie_yong_ki\book_ocr\page_328.txt	D:\瑞安文化研究\Ruianese\Ruianese_upload\Ruianese_Tying_Method\output\jie_yong_ki\book_ocr\page_328.tsv	309	9	125	34.93	95	review	low_confidence
329	D:\瑞安文化研究\Ruianese\張永愷書之圖\瑞安方言读音字典 (张永恺) (Z-Library)_2_页面_329.png	D:\瑞安文化研究\Ruianese\Ruianese_upload\Ruianese_Tying_Method\output\jie_yong_ki\book_ocr\page_329.txt	D:\瑞安文化研究\Ruianese\Ruianese_upload\Ruianese_Tying_Method\output\jie_yong_ki\book_ocr\page_329.tsv	259	15	100	26.56	85	review	low_confidence
330	D:\瑞安文化研究\Ruianese\張永愷書之圖\瑞安方言读音字典 (张永恺) (Z-Library)_2_页面_330.png	D:\瑞安文化研究\Ruianese\Ruianese_upload\Ruianese_Tying_Method\output\jie_yong_ki\book_ocr\page_330.txt	D:\瑞安文化研究\Ruianese\Ruianese_upload\Ruianese_Tying_Method\output\jie_yong_ki\book_ocr\page_330.tsv	382	11	167	36.25	116	review	low_confidence
331	D:\瑞安文化研究\Ruianese\張永愷書之圖\瑞安方言读音字典 (张永恺) (Z-Library)_2_页面_331.png	D:\瑞安文化研究\Ruianese\Ruianese_upload\Ruianese_Tying_Method\output\jie_yong_ki\book_ocr\page_331.txt	D:\瑞安文化研究\Ruianese\Ruianese_upload\Ruianese_Tying_Method\output\jie_yong_ki\book_ocr\page_331.tsv	439	14	187	38.94	123	review	low_confidence
332	D:\瑞安文化研究\Ruianese\張永愷書之圖\瑞安方言读音字典 (张永恺) (Z-Library)_2_页面_332.png	D:\瑞安文化研究\Ruianese\Ruianese_upload\Ruianese_Tying_Method\output\jie_yong_ki\book_ocr\page_332.txt	D:\瑞安文化研究\Ruianese\Ruianese_upload\Ruianese_Tying_Method\output\jie_yong_ki\book_ocr\page_332.tsv	299	19	129	27.86	101	review	low_confidence
333	D:\瑞安文化研究\Ruianese\張永愷書之圖\瑞安方言读音字典 (张永恺) (Z-Library)_2_页面_333.png	D:\瑞安文化研究\Ruianese\Ruianese_upload\Ruianese_Tying_Method\output\jie_yong_ki\book_ocr\page_333.txt	D:\瑞安文化研究\Ruianese\Ruianese_upload\Ruianese_Tying_Method\output\jie_yong_ki\book_ocr\page_333.tsv	267	16	118	38.09	80	review	low_confidence
334	D:\瑞安文化研究\Ruianese\張永愷書之圖\瑞安方言读音字典 (张永恺) (Z-Library)_2_页面_334.png	D:\瑞安文化研究\Ruianese\Ruianese_upload\Ruianese_Tying_Method\output\jie_yong_ki\book_ocr\page_334.txt	D:\瑞安文化研究\Ruianese\Ruianese_upload\Ruianese_Tying_Method\output\jie_yong_ki\book_ocr\page_334.tsv	259	30	131	38.63	81	review	low_confidence
335	D:\瑞安文化研究\Ruianese\張永愷書之圖\瑞安方言读音字典 (张永恺) (Z-Library)_2_页面_335.png	D:\瑞安文化研究\Ruianese\Ruianese_upload\Ruianese_Tying_Method\output\jie_yong_ki\book_ocr\page_335.txt	D:\瑞安文化研究\Ruianese\Ruianese_upload\Ruianese_Tying_Method\output\jie_yong_ki\book_ocr\page_335.tsv	203	8	88	36.30	60	review	low_confidence
336	D:\瑞安文化研究\Ruianese\張永愷書之圖\瑞安方言读音字典 (张永恺) (Z-Library)_2_页面_336.png	D:\瑞安文化研究\Ruianese\Ruianese_upload\Ruianese_Tying_Method\output\jie_yong_ki\book_ocr\page_336.txt	D:\瑞安文化研究\Ruianese\Ruianese_upload\Ruianese_Tying_Method\output\jie_yong_ki\book_ocr\page_336.tsv	364	12	168	40.24	113	review	low_confidence
337	D:\瑞安文化研究\Ruianese\張永愷書之圖\瑞安方言读音字典 (张永恺) (Z-Library)_2_页面_337.png	D:\瑞安文化研究\Ruianese\Ruianese_upload\Ruianese_Tying_Method\output\jie_yong_ki\book_ocr\page_337.txt	D:\瑞安文化研究\Ruianese\Ruianese_upload\Ruianese_Tying_Method\output\jie_yong_ki\book_ocr\page_337.tsv	379	37	194	49.19	87	ok	
338	D:\瑞安文化研究\Ruianese\張永愷書之圖\瑞安方言读音字典 (张永恺) (Z-Library)_2_页面_338.png	D:\瑞安文化研究\Ruianese\Ruianese_upload\Ruianese_Tying_Method\output\jie_yong_ki\book_ocr\page_338.txt	D:\瑞安文化研究\Ruianese\Ruianese_upload\Ruianese_Tying_Method\output\jie_yong_ki\book_ocr\page_338.tsv	265	20	95	33.91	70	review	low_confidence
339	D:\瑞安文化研究\Ruianese\張永愷書之圖\瑞安方言读音字典 (张永恺) (Z-Library)_2_页面_339.png	D:\瑞安文化研究\Ruianese\Ruianese_upload\Ruianese_Tying_Method\output\jie_yong_ki\book_ocr\page_339.txt	D:\瑞安文化研究\Ruianese\Ruianese_upload\Ruianese_Tying_Method\output\jie_yong_ki\book_ocr\page_339.tsv	280	20	116	26.35	97	review	low_confidence
340	D:\瑞安文化研究\Ruianese\張永愷書之圖\瑞安方言读音字典 (张永恺) (Z-Library)_2_页面_340.png	D:\瑞安文化研究\Ruianese\Ruianese_upload\Ruianese_Tying_Method\output\jie_yong_ki\book_ocr\page_340.txt	D:\瑞安文化研究\Ruianese\Ruianese_upload\Ruianese_Tying_Method\output\jie_yong_ki\book_ocr\page_340.tsv	277	17	109	30.87	91	review	low_confidence
341	D:\瑞安文化研究\Ruianese\張永愷書之圖\瑞安方言读音字典 (张永恺) (Z-Library)_2_页面_341.png	D:\瑞安文化研究\Ruianese\Ruianese_upload\Ruianese_Tying_Method\output\jie_yong_ki\book_ocr\page_341.txt	D:\瑞安文化研究\Ruianese\Ruianese_upload\Ruianese_Tying_Method\output\jie_yong_ki\book_ocr\page_341.tsv	284	25	119	27.76	94	review	low_confidence
342	D:\瑞安文化研究\Ruianese\張永愷書之圖\瑞安方言读音字典 (张永恺) (Z-Library)_2_页面_342.png	D:\瑞安文化研究\Ruianese\Ruianese_upload\Ruianese_Tying_Method\output\jie_yong_ki\book_ocr\page_342.txt	D:\瑞安文化研究\Ruianese\Ruianese_upload\Ruianese_Tying_Method\output\jie_yong_ki\book_ocr\page_342.tsv	352	11	162	37.99	110	review	low_confidence
343	D:\瑞安文化研究\Ruianese\張永愷書之圖\瑞安方言读音字典 (张永恺) (Z-Library)_2_页面_343.png	D:\瑞安文化研究\Ruianese\Ruianese_upload\Ruianese_Tying_Method\output\jie_yong_ki\book_ocr\page_343.txt	D:\瑞安文化研究\Ruianese\Ruianese_upload\Ruianese_Tying_Method\output\jie_yong_ki\book_ocr\page_343.tsv	472	16	202	36.50	137	review	low_confidence
344	D:\瑞安文化研究\Ruianese\張永愷書之圖\瑞安方言读音字典 (张永恺) (Z-Library)_2_页面_344.png	D:\瑞安文化研究\Ruianese\Ruianese_upload\Ruianese_Tying_Method\output\jie_yong_ki\book_ocr\page_344.txt	D:\瑞安文化研究\Ruianese\Ruianese_upload\Ruianese_Tying_Method\output\jie_yong_ki\book_ocr\page_344.tsv	261	15	98	26.67	82	review	low_confidence
345	D:\瑞安文化研究\Ruianese\張永愷書之圖\瑞安方言读音字典 (张永恺) (Z-Library)_2_页面_345.png	D:\瑞安文化研究\Ruianese\Ruianese_upload\Ruianese_Tying_Method\output\jie_yong_ki\book_ocr\page_345.txt	D:\瑞安文化研究\Ruianese\Ruianese_upload\Ruianese_Tying_Method\output\jie_yong_ki\book_ocr\page_345.tsv	367	14	176	37.56	116	review	low_confidence
346	D:\瑞安文化研究\Ruianese\張永愷書之圖\瑞安方言读音字典 (张永恺) (Z-Library)_2_页面_346.png	D:\瑞安文化研究\Ruianese\Ruianese_upload\Ruianese_Tying_Method\output\jie_yong_ki\book_ocr\page_346.txt	D:\瑞安文化研究\Ruianese\Ruianese_upload\Ruianese_Tying_Method\output\jie_yong_ki\book_ocr\page_346.tsv	331	9	116	25.21	101	review	low_confidence
347	D:\瑞安文化研究\Ruianese\張永愷書之圖\瑞安方言读音字典 (张永恺) (Z-Library)_2_页面_347.png	D:\瑞安文化研究\Ruianese\Ruianese_upload\Ruianese_Tying_Method\output\jie_yong_ki\book_ocr\page_347.txt	D:\瑞安文化研究\Ruianese\Ruianese_upload\Ruianese_Tying_Method\output\jie_yong_ki\book_ocr\page_347.tsv	397	15	180	39.66	111	review	low_confidence
348	D:\瑞安文化研究\Ruianese\張永愷書之圖\瑞安方言读音字典 (张永恺) (Z-Library)_2_页面_348.png	D:\瑞安文化研究\Ruianese\Ruianese_upload\Ruianese_Tying_Method\output\jie_yong_ki\book_ocr\page_348.txt	D:\瑞安文化研究\Ruianese\Ruianese_upload\Ruianese_Tying_Method\output\jie_yong_ki\book_ocr\page_348.tsv	289	16	124	35.52	86	review	low_confidence
349	D:\瑞安文化研究\Ruianese\張永愷書之圖\瑞安方言读音字典 (张永恺) (Z-Library)_2_页面_349.png	D:\瑞安文化研究\Ruianese\Ruianese_upload\Ruianese_Tying_Method\output\jie_yong_ki\book_ocr\page_349.txt	D:\瑞安文化研究\Ruianese\Ruianese_upload\Ruianese_Tying_Method\output\jie_yong_ki\book_ocr\page_349.tsv	404	29	192	41.08	120	review	low_confidence
350	D:\瑞安文化研究\Ruianese\張永愷書之圖\瑞安方言读音字典 (张永恺) (Z-Library)_2_页面_350.png	D:\瑞安文化研究\Ruianese\Ruianese_upload\Ruianese_Tying_Method\output\jie_yong_ki\book_ocr\page_350.txt	D:\瑞安文化研究\Ruianese\Ruianese_upload\Ruianese_Tying_Method\output\jie_yong_ki\book_ocr\page_350.tsv	293	16	141	41.75	84	review	low_confidence
351	D:\瑞安文化研究\Ruianese\張永愷書之圖\瑞安方言读音字典 (张永恺) (Z-Library)_2_页面_351.png	D:\瑞安文化研究\Ruianese\Ruianese_upload\Ruianese_Tying_Method\output\jie_yong_ki\book_ocr\page_351.txt	D:\瑞安文化研究\Ruianese\Ruianese_upload\Ruianese_Tying_Method\output\jie_yong_ki\book_ocr\page_351.tsv	340	8	131	33.24	93	review	low_confidence
352	D:\瑞安文化研究\Ruianese\張永愷書之圖\瑞安方言读音字典 (张永恺) (Z-Library)_2_页面_352.png	D:\瑞安文化研究\Ruianese\Ruianese_upload\Ruianese_Tying_Method\output\jie_yong_ki\book_ocr\page_352.txt	D:\瑞安文化研究\Ruianese\Ruianese_upload\Ruianese_Tying_Method\output\jie_yong_ki\book_ocr\page_352.tsv	268	18	114	37.20	73	review	low_confidence
353	D:\瑞安文化研究\Ruianese\張永愷書之圖\瑞安方言读音字典 (张永恺) (Z-Library)_2_页面_353.png	D:\瑞安文化研究\Ruianese\Ruianese_upload\Ruianese_Tying_Method\output\jie_yong_ki\book_ocr\page_353.txt	D:\瑞安文化研究\Ruianese\Ruianese_upload\Ruianese_Tying_Method\output\jie_yong_ki\book_ocr\page_353.tsv	379	20	172	38.56	106	review	low_confidence
354	D:\瑞安文化研究\Ruianese\張永愷書之圖\瑞安方言读音字典 (张永恺) (Z-Library)_2_页面_354.png	D:\瑞安文化研究\Ruianese\Ruianese_upload\Ruianese_Tying_Method\output\jie_yong_ki\book_ocr\page_354.txt	D:\瑞安文化研究\Ruianese\Ruianese_upload\Ruianese_Tying_Method\output\jie_yong_ki\book_ocr\page_354.tsv	199	2	79	31.36	68	review	low_confidence
355	D:\瑞安文化研究\Ruianese\張永愷書之圖\瑞安方言读音字典 (张永恺) (Z-Library)_2_页面_355.png	D:\瑞安文化研究\Ruianese\Ruianese_upload\Ruianese_Tying_Method\output\jie_yong_ki\book_ocr\page_355.txt	D:\瑞安文化研究\Ruianese\Ruianese_upload\Ruianese_Tying_Method\output\jie_yong_ki\book_ocr\page_355.tsv	336	12	174	35.97	124	review	low_confidence
356	D:\瑞安文化研究\Ruianese\張永愷書之圖\瑞安方言读音字典 (张永恺) (Z-Library)_2_页面_356.png	D:\瑞安文化研究\Ruianese\Ruianese_upload\Ruianese_Tying_Method\output\jie_yong_ki\book_ocr\page_356.txt	D:\瑞安文化研究\Ruianese\Ruianese_upload\Ruianese_Tying_Method\output\jie_yong_ki\book_ocr\page_356.tsv	306	13	122	25.85	96	review	low_confidence
357	D:\瑞安文化研究\Ruianese\張永愷書之圖\瑞安方言读音字典 (张永恺) (Z-Library)_2_页面_357.png	D:\瑞安文化研究\Ruianese\Ruianese_upload\Ruianese_Tying_Method\output\jie_yong_ki\book_ocr\page_357.txt	D:\瑞安文化研究\Ruianese\Ruianese_upload\Ruianese_Tying_Method\output\jie_yong_ki\book_ocr\page_357.tsv	371	18	177	38.23	116	review	low_confidence
358	D:\瑞安文化研究\Ruianese\張永愷書之圖\瑞安方言读音字典 (张永恺) (Z-Library)_2_页面_358.png	D:\瑞安文化研究\Ruianese\Ruianese_upload\Ruianese_Tying_Method\output\jie_yong_ki\book_ocr\page_358.txt	D:\瑞安文化研究\Ruianese\Ruianese_upload\Ruianese_Tying_Method\output\jie_yong_ki\book_ocr\page_358.tsv	304	9	115	30.87	89	review	low_confidence
359	D:\瑞安文化研究\Ruianese\張永愷書之圖\瑞安方言读音字典 (张永恺) (Z-Library)_2_页面_359.png	D:\瑞安文化研究\Ruianese\Ruianese_upload\Ruianese_Tying_Method\output\jie_yong_ki\book_ocr\page_359.txt	D:\瑞安文化研究\Ruianese\Ruianese_upload\Ruianese_Tying_Method\output\jie_yong_ki\book_ocr\page_359.tsv	339	25	165	38.54	103	review	low_confidence
360	D:\瑞安文化研究\Ruianese\張永愷書之圖\瑞安方言读音字典 (张永恺) (Z-Library)_2_页面_360.png	D:\瑞安文化研究\Ruianese\Ruianese_upload\Ruianese_Tying_Method\output\jie_yong_ki\book_ocr\page_360.txt	D:\瑞安文化研究\Ruianese\Ruianese_upload\Ruianese_Tying_Method\output\jie_yong_ki\book_ocr\page_360.tsv	406	19	187	38.17	117	review	low_confidence
361	D:\瑞安文化研究\Ruianese\張永愷書之圖\瑞安方言读音字典 (张永恺) (Z-Library)_2_页面_361.png	D:\瑞安文化研究\Ruianese\Ruianese_upload\Ruianese_Tying_Method\output\jie_yong_ki\book_ocr\page_361.txt	D:\瑞安文化研究\Ruianese\Ruianese_upload\Ruianese_Tying_Method\output\jie_yong_ki\book_ocr\page_361.tsv	113	5	44	24.52	38	review	low_confidence
362	D:\瑞安文化研究\Ruianese\張永愷書之圖\瑞安方言读音字典 (张永恺) (Z-Library)_2_页面_362.png	D:\瑞安文化研究\Ruianese\Ruianese_upload\Ruianese_Tying_Method\output\jie_yong_ki\book_ocr\page_362.txt	D:\瑞安文化研究\Ruianese\Ruianese_upload\Ruianese_Tying_Method\output\jie_yong_ki\book_ocr\page_362.tsv	290	10	110	29.82	87	review	low_confidence
363	D:\瑞安文化研究\Ruianese\張永愷書之圖\瑞安方言读音字典 (张永恺) (Z-Library)_2_页面_363.png	D:\瑞安文化研究\Ruianese\Ruianese_upload\Ruianese_Tying_Method\output\jie_yong_ki\book_ocr\page_363.txt	D:\瑞安文化研究\Ruianese\Ruianese_upload\Ruianese_Tying_Method\output\jie_yong_ki\book_ocr\page_363.tsv	261	3	97	25.04	82	review	low_confidence
364	D:\瑞安文化研究\Ruianese\張永愷書之圖\瑞安方言读音字典 (张永恺) (Z-Library)_2_页面_364.png	D:\瑞安文化研究\Ruianese\Ruianese_upload\Ruianese_Tying_Method\output\jie_yong_ki\book_ocr\page_364.txt	D:\瑞安文化研究\Ruianese\Ruianese_upload\Ruianese_Tying_Method\output\jie_yong_ki\book_ocr\page_364.tsv	89	3	31	22.86	25	review	low_confidence
365	D:\瑞安文化研究\Ruianese\張永愷書之圖\瑞安方言读音字典 (张永恺) (Z-Library)_2_页面_365.png	D:\瑞安文化研究\Ruianese\Ruianese_upload\Ruianese_Tying_Method\output\jie_yong_ki\book_ocr\page_365.txt	D:\瑞安文化研究\Ruianese\Ruianese_upload\Ruianese_Tying_Method\output\jie_yong_ki\book_ocr\page_365.tsv	341	11	8	69.20	3	ok	
366	D:\瑞安文化研究\Ruianese\張永愷書之圖\瑞安方言读音字典 (张永恺) (Z-Library)_2_页面_366.png	D:\瑞安文化研究\Ruianese\Ruianese_upload\Ruianese_Tying_Method\output\jie_yong_ki\book_ocr\page_366.txt	D:\瑞安文化研究\Ruianese\Ruianese_upload\Ruianese_Tying_Method\output\jie_yong_ki\book_ocr\page_366.tsv	298	21	125	27.45	102	review	low_confidence
367	D:\瑞安文化研究\Ruianese\張永愷書之圖\瑞安方言读音字典 (张永恺) (Z-Library)_2_页面_367.png	D:\瑞安文化研究\Ruianese\Ruianese_upload\Ruianese_Tying_Method\output\jie_yong_ki\book_ocr\page_367.txt	D:\瑞安文化研究\Ruianese\Ruianese_upload\Ruianese_Tying_Method\output\jie_yong_ki\book_ocr\page_367.tsv	369	4	171	36.86	117	review	low_confidence
368	D:\瑞安文化研究\Ruianese\張永愷書之圖\瑞安方言读音字典 (张永恺) (Z-Library)_2_页面_368.png	D:\瑞安文化研究\Ruianese\Ruianese_upload\Ruianese_Tying_Method\output\jie_yong_ki\book_ocr\page_368.txt	D:\瑞安文化研究\Ruianese\Ruianese_upload\Ruianese_Tying_Method\output\jie_yong_ki\book_ocr\page_368.tsv	222	20	103	44.00	59	review	low_confidence
369	D:\瑞安文化研究\Ruianese\張永愷書之圖\瑞安方言读音字典 (张永恺) (Z-Library)_2_页面_369.png	D:\瑞安文化研究\Ruianese\Ruianese_upload\Ruianese_Tying_Method\output\jie_yong_ki\book_ocr\page_369.txt	D:\瑞安文化研究\Ruianese\Ruianese_upload\Ruianese_Tying_Method\output\jie_yong_ki\book_ocr\page_369.tsv	269	11	99	30.13	80	review	low_confidence
370	D:\瑞安文化研究\Ruianese\張永愷書之圖\瑞安方言读音字典 (张永恺) (Z-Library)_2_页面_370.png	D:\瑞安文化研究\Ruianese\Ruianese_upload\Ruianese_Tying_Method\output\jie_yong_ki\book_ocr\page_370.txt	D:\瑞安文化研究\Ruianese\Ruianese_upload\Ruianese_Tying_Method\output\jie_yong_ki\book_ocr\page_370.tsv	307	12	107	28.83	82	review	low_confidence
371	D:\瑞安文化研究\Ruianese\張永愷書之圖\瑞安方言读音字典 (张永恺) (Z-Library)_2_页面_371.png	D:\瑞安文化研究\Ruianese\Ruianese_upload\Ruianese_Tying_Method\output\jie_yong_ki\book_ocr\page_371.txt	D:\瑞安文化研究\Ruianese\Ruianese_upload\Ruianese_Tying_Method\output\jie_yong_ki\book_ocr\page_371.tsv	363	34	189	36.17	119	review	low_confidence
372	D:\瑞安文化研究\Ruianese\張永愷書之圖\瑞安方言读音字典 (张永恺) (Z-Library)_2_页面_372.png	D:\瑞安文化研究\Ruianese\Ruianese_upload\Ruianese_Tying_Method\output\jie_yong_ki\book_ocr\page_372.txt	D:\瑞安文化研究\Ruianese\Ruianese_upload\Ruianese_Tying_Method\output\jie_yong_ki\book_ocr\page_372.tsv	380	24	176	40.47	111	review	low_confidence
373	D:\瑞安文化研究\Ruianese\張永愷書之圖\瑞安方言读音字典 (张永恺) (Z-Library)_2_页面_373.png	D:\瑞安文化研究\Ruianese\Ruianese_upload\Ruianese_Tying_Method\output\jie_yong_ki\book_ocr\page_373.txt	D:\瑞安文化研究\Ruianese\Ruianese_upload\Ruianese_Tying_Method\output\jie_yong_ki\book_ocr\page_373.tsv	395	36	203	46.58	105	ok	
374	D:\瑞安文化研究\Ruianese\張永愷書之圖\瑞安方言读音字典 (张永恺) (Z-Library)_2_页面_374.png	D:\瑞安文化研究\Ruianese\Ruianese_upload\Ruianese_Tying_Method\output\jie_yong_ki\book_ocr\page_374.txt	D:\瑞安文化研究\Ruianese\Ruianese_upload\Ruianese_Tying_Method\output\jie_yong_ki\book_ocr\page_374.tsv	167	15	64	30.05	52	review	low_confidence
375	D:\瑞安文化研究\Ruianese\張永愷書之圖\瑞安方言读音字典 (张永恺) (Z-Library)_2_页面_375.png	D:\瑞安文化研究\Ruianese\Ruianese_upload\Ruianese_Tying_Method\output\jie_yong_ki\book_ocr\page_375.txt	D:\瑞安文化研究\Ruianese\Ruianese_upload\Ruianese_Tying_Method\output\jie_yong_ki\book_ocr\page_375.tsv	358	3	180	39.80	114	review	low_confidence
376	D:\瑞安文化研究\Ruianese\張永愷書之圖\瑞安方言读音字典 (张永恺) (Z-Library)_2_页面_376.png	D:\瑞安文化研究\Ruianese\Ruianese_upload\Ruianese_Tying_Method\output\jie_yong_ki\book_ocr\page_376.txt	D:\瑞安文化研究\Ruianese\Ruianese_upload\Ruianese_Tying_Method\output\jie_yong_ki\book_ocr\page_376.tsv	201	14	85	24.49	76	review	low_confidence
377	D:\瑞安文化研究\Ruianese\張永愷書之圖\瑞安方言读音字典 (张永恺) (Z-Library)_2_页面_377.png	D:\瑞安文化研究\Ruianese\Ruianese_upload\Ruianese_Tying_Method\output\jie_yong_ki\book_ocr\page_377.txt	D:\瑞安文化研究\Ruianese\Ruianese_upload\Ruianese_Tying_Method\output\jie_yong_ki\book_ocr\page_377.tsv	273	11	109	32.81	87	review	low_confidence
378	D:\瑞安文化研究\Ruianese\張永愷書之圖\瑞安方言读音字典 (张永恺) (Z-Library)_2_页面_378.png	D:\瑞安文化研究\Ruianese\Ruianese_upload\Ruianese_Tying_Method\output\jie_yong_ki\book_ocr\page_378.txt	D:\瑞安文化研究\Ruianese\Ruianese_upload\Ruianese_Tying_Method\output\jie_yong_ki\book_ocr\page_378.tsv	271	23	109	39.06	73	review	low_confidence
379	D:\瑞安文化研究\Ruianese\張永愷書之圖\瑞安方言读音字典 (张永恺) (Z-Library)_2_页面_379.png	D:\瑞安文化研究\Ruianese\Ruianese_upload\Ruianese_Tying_Method\output\jie_yong_ki\book_ocr\page_379.txt	D:\瑞安文化研究\Ruianese\Ruianese_upload\Ruianese_Tying_Method\output\jie_yong_ki\book_ocr\page_379.tsv	368	23	172	35.89	125	review	low_confidence
380	D:\瑞安文化研究\Ruianese\張永愷書之圖\瑞安方言读音字典 (张永恺) (Z-Library)_2_页面_380.png	D:\瑞安文化研究\Ruianese\Ruianese_upload\Ruianese_Tying_Method\output\jie_yong_ki\book_ocr\page_380.txt	D:\瑞安文化研究\Ruianese\Ruianese_upload\Ruianese_Tying_Method\output\jie_yong_ki\book_ocr\page_380.tsv	355	16	159	38.47	104	review	low_confidence
381	D:\瑞安文化研究\Ruianese\張永愷書之圖\瑞安方言读音字典 (张永恺) (Z-Library)_2_页面_381.png	D:\瑞安文化研究\Ruianese\Ruianese_upload\Ruianese_Tying_Method\output\jie_yong_ki\book_ocr\page_381.txt	D:\瑞安文化研究\Ruianese\Ruianese_upload\Ruianese_Tying_Method\output\jie_yong_ki\book_ocr\page_381.tsv	351	23	156	33.15	114	review	low_confidence
382	D:\瑞安文化研究\Ruianese\張永愷書之圖\瑞安方言读音字典 (张永恺) (Z-Library)_2_页面_382.png	D:\瑞安文化研究\Ruianese\Ruianese_upload\Ruianese_Tying_Method\output\jie_yong_ki\book_ocr\page_382.txt	D:\瑞安文化研究\Ruianese\Ruianese_upload\Ruianese_Tying_Method\output\jie_yong_ki\book_ocr\page_382.tsv	380	31	165	37.95	105	review	low_confidence
383	D:\瑞安文化研究\Ruianese\張永愷書之圖\瑞安方言读音字典 (张永恺) (Z-Library)_2_页面_383.png	D:\瑞安文化研究\Ruianese\Ruianese_upload\Ruianese_Tying_Method\output\jie_yong_ki\book_ocr\page_383.txt	D:\瑞安文化研究\Ruianese\Ruianese_upload\Ruianese_Tying_Method\output\jie_yong_ki\book_ocr\page_383.tsv	420	23	200	39.11	116	review	low_confidence
384	D:\瑞安文化研究\Ruianese\張永愷書之圖\瑞安方言读音字典 (张永恺) (Z-Library)_2_页面_384.png	D:\瑞安文化研究\Ruianese\Ruianese_upload\Ruianese_Tying_Method\output\jie_yong_ki\book_ocr\page_384.txt	D:\瑞安文化研究\Ruianese\Ruianese_upload\Ruianese_Tying_Method\output\jie_yong_ki\book_ocr\page_384.tsv	233	32	98	26.47	79	review	low_confidence
385	D:\瑞安文化研究\Ruianese\張永愷書之圖\瑞安方言读音字典 (张永恺) (Z-Library)_2_页面_385.png	D:\瑞安文化研究\Ruianese\Ruianese_upload\Ruianese_Tying_Method\output\jie_yong_ki\book_ocr\page_385.txt	D:\瑞安文化研究\Ruianese\Ruianese_upload\Ruianese_Tying_Method\output\jie_yong_ki\book_ocr\page_385.tsv	259	16	102	30.81	82	review	low_confidence
386	D:\瑞安文化研究\Ruianese\張永愷書之圖\瑞安方言读音字典 (张永恺) (Z-Library)_2_页面_386.png	D:\瑞安文化研究\Ruianese\Ruianese_upload\Ruianese_Tying_Method\output\jie_yong_ki\book_ocr\page_386.txt	D:\瑞安文化研究\Ruianese\Ruianese_upload\Ruianese_Tying_Method\output\jie_yong_ki\book_ocr\page_386.tsv	294	27	142	36.82	94	review	low_confidence
387	D:\瑞安文化研究\Ruianese\張永愷書之圖\瑞安方言读音字典 (张永恺) (Z-Library)_2_页面_387.png	D:\瑞安文化研究\Ruianese\Ruianese_upload\Ruianese_Tying_Method\output\jie_yong_ki\book_ocr\page_387.txt	D:\瑞安文化研究\Ruianese\Ruianese_upload\Ruianese_Tying_Method\output\jie_yong_ki\book_ocr\page_387.tsv	189	4	76	23.68	71	review	low_confidence
388	D:\瑞安文化研究\Ruianese\張永愷書之圖\瑞安方言读音字典 (张永恺) (Z-Library)_2_页面_388.png	D:\瑞安文化研究\Ruianese\Ruianese_upload\Ruianese_Tying_Method\output\jie_yong_ki\book_ocr\page_388.txt	D:\瑞安文化研究\Ruianese\Ruianese_upload\Ruianese_Tying_Method\output\jie_yong_ki\book_ocr\page_388.tsv	294	15	127	32.77	97	review	low_confidence
389	D:\瑞安文化研究\Ruianese\張永愷書之圖\瑞安方言读音字典 (张永恺) (Z-Library)_2_页面_389.png	D:\瑞安文化研究\Ruianese\Ruianese_upload\Ruianese_Tying_Method\output\jie_yong_ki\book_ocr\page_389.txt	D:\瑞安文化研究\Ruianese\Ruianese_upload\Ruianese_Tying_Method\output\jie_yong_ki\book_ocr\page_389.tsv	369	24	177	36.42	127	review	low_confidence
390	D:\瑞安文化研究\Ruianese\張永愷書之圖\瑞安方言读音字典 (张永恺) (Z-Library)_2_页面_390.png	D:\瑞安文化研究\Ruianese\Ruianese_upload\Ruianese_Tying_Method\output\jie_yong_ki\book_ocr\page_390.txt	D:\瑞安文化研究\Ruianese\Ruianese_upload\Ruianese_Tying_Method\output\jie_yong_ki\book_ocr\page_390.tsv	422	4	197	38.63	132	review	low_confidence
391	D:\瑞安文化研究\Ruianese\張永愷書之圖\瑞安方言读音字典 (张永恺) (Z-Library)_2_页面_391.png	D:\瑞安文化研究\Ruianese\Ruianese_upload\Ruianese_Tying_Method\output\jie_yong_ki\book_ocr\page_391.txt	D:\瑞安文化研究\Ruianese\Ruianese_upload\Ruianese_Tying_Method\output\jie_yong_ki\book_ocr\page_391.tsv	202	3	81	28.22	70	review	low_confidence
392	D:\瑞安文化研究\Ruianese\張永愷書之圖\瑞安方言读音字典 (张永恺) (Z-Library)_2_页面_392.png	D:\瑞安文化研究\Ruianese\Ruianese_upload\Ruianese_Tying_Method\output\jie_yong_ki\book_ocr\page_392.txt	D:\瑞安文化研究\Ruianese\Ruianese_upload\Ruianese_Tying_Method\output\jie_yong_ki\book_ocr\page_392.tsv	293	12	116	31.00	85	review	low_confidence
393	D:\瑞安文化研究\Ruianese\張永愷書之圖\瑞安方言读音字典 (张永恺) (Z-Library)_2_页面_393.png	D:\瑞安文化研究\Ruianese\Ruianese_upload\Ruianese_Tying_Method\output\jie_yong_ki\book_ocr\page_393.txt	D:\瑞安文化研究\Ruianese\Ruianese_upload\Ruianese_Tying_Method\output\jie_yong_ki\book_ocr\page_393.tsv	265	21	110	35.29	73	review	low_confidence
394	D:\瑞安文化研究\Ruianese\張永愷書之圖\瑞安方言读音字典 (张永恺) (Z-Library)_2_页面_394.png	D:\瑞安文化研究\Ruianese\Ruianese_upload\Ruianese_Tying_Method\output\jie_yong_ki\book_ocr\page_394.txt	D:\瑞安文化研究\Ruianese\Ruianese_upload\Ruianese_Tying_Method\output\jie_yong_ki\book_ocr\page_394.tsv	319	11	106	27.36	86	review	low_confidence
395	D:\瑞安文化研究\Ruianese\張永愷書之圖\瑞安方言读音字典 (张永恺) (Z-Library)_2_页面_395.png	D:\瑞安文化研究\Ruianese\Ruianese_upload\Ruianese_Tying_Method\output\jie_yong_ki\book_ocr\page_395.txt	D:\瑞安文化研究\Ruianese\Ruianese_upload\Ruianese_Tying_Method\output\jie_yong_ki\book_ocr\page_395.tsv	309	26	158	39.33	97	review	low_confidence
396	D:\瑞安文化研究\Ruianese\張永愷書之圖\瑞安方言读音字典 (张永恺) (Z-Library)_2_页面_396.png	D:\瑞安文化研究\Ruianese\Ruianese_upload\Ruianese_Tying_Method\output\jie_yong_ki\book_ocr\page_396.txt	D:\瑞安文化研究\Ruianese\Ruianese_upload\Ruianese_Tying_Method\output\jie_yong_ki\book_ocr\page_396.tsv	415	26	216	40.78	125	review	low_confidence
397	D:\瑞安文化研究\Ruianese\張永愷書之圖\瑞安方言读音字典 (张永恺) (Z-Library)_2_页面_397.png	D:\瑞安文化研究\Ruianese\Ruianese_upload\Ruianese_Tying_Method\output\jie_yong_ki\book_ocr\page_397.txt	D:\瑞安文化研究\Ruianese\Ruianese_upload\Ruianese_Tying_Method\output\jie_yong_ki\book_ocr\page_397.tsv	282	17	123	38.91	76	review	low_confidence
398	D:\瑞安文化研究\Ruianese\張永愷書之圖\瑞安方言读音字典 (张永恺) (Z-Library)_2_页面_398.png	D:\瑞安文化研究\Ruianese\Ruianese_upload\Ruianese_Tying_Method\output\jie_yong_ki\book_ocr\page_398.txt	D:\瑞安文化研究\Ruianese\Ruianese_upload\Ruianese_Tying_Method\output\jie_yong_ki\book_ocr\page_398.tsv	290	38	159	38.49	98	review	low_confidence
399	D:\瑞安文化研究\Ruianese\張永愷書之圖\瑞安方言读音字典 (张永恺) (Z-Library)_2_页面_399.png	D:\瑞安文化研究\Ruianese\Ruianese_upload\Ruianese_Tying_Method\output\jie_yong_ki\book_ocr\page_399.txt	D:\瑞安文化研究\Ruianese\Ruianese_upload\Ruianese_Tying_Method\output\jie_yong_ki\book_ocr\page_399.tsv	352	19	167	41.25	100	review	low_confidence
400	D:\瑞安文化研究\Ruianese\張永愷書之圖\瑞安方言读音字典 (张永恺) (Z-Library)_2_页面_400.png	D:\瑞安文化研究\Ruianese\Ruianese_upload\Ruianese_Tying_Method\output\jie_yong_ki\book_ocr\page_400.txt	D:\瑞安文化研究\Ruianese\Ruianese_upload\Ruianese_Tying_Method\output\jie_yong_ki\book_ocr\page_400.tsv	251	3	89	29.97	76	review	low_confidence
401	D:\瑞安文化研究\Ruianese\張永愷書之圖\瑞安方言读音字典 (张永恺) (Z-Library)_2_页面_401.png	D:\瑞安文化研究\Ruianese\Ruianese_upload\Ruianese_Tying_Method\output\jie_yong_ki\book_ocr\page_401.txt	D:\瑞安文化研究\Ruianese\Ruianese_upload\Ruianese_Tying_Method\output\jie_yong_ki\book_ocr\page_401.tsv	384	18	180	34.43	127	review	low_confidence
402	D:\瑞安文化研究\Ruianese\張永愷書之圖\瑞安方言读音字典 (张永恺) (Z-Library)_2_页面_402.png	D:\瑞安文化研究\Ruianese\Ruianese_upload\Ruianese_Tying_Method\output\jie_yong_ki\book_ocr\page_402.txt	D:\瑞安文化研究\Ruianese\Ruianese_upload\Ruianese_Tying_Method\output\jie_yong_ki\book_ocr\page_402.tsv	395	14	164	35.72	118	review	low_confidence
403	D:\瑞安文化研究\Ruianese\張永愷書之圖\瑞安方言读音字典 (张永恺) (Z-Library)_2_页面_403.png	D:\瑞安文化研究\Ruianese\Ruianese_upload\Ruianese_Tying_Method\output\jie_yong_ki\book_ocr\page_403.txt	D:\瑞安文化研究\Ruianese\Ruianese_upload\Ruianese_Tying_Method\output\jie_yong_ki\book_ocr\page_403.tsv	100	5	41	29.56	33	review	low_confidence
404	D:\瑞安文化研究\Ruianese\張永愷書之圖\瑞安方言读音字典 (张永恺) (Z-Library)_2_页面_404.png	D:\瑞安文化研究\Ruianese\Ruianese_upload\Ruianese_Tying_Method\output\jie_yong_ki\book_ocr\page_404.txt	D:\瑞安文化研究\Ruianese\Ruianese_upload\Ruianese_Tying_Method\output\jie_yong_ki\book_ocr\page_404.tsv	197	2	75	27.17	67	review	low_confidence
405	D:\瑞安文化研究\Ruianese\張永愷書之圖\瑞安方言读音字典 (张永恺) (Z-Library)_2_页面_405.png	D:\瑞安文化研究\Ruianese\Ruianese_upload\Ruianese_Tying_Method\output\jie_yong_ki\book_ocr\page_405.txt	D:\瑞安文化研究\Ruianese\Ruianese_upload\Ruianese_Tying_Method\output\jie_yong_ki\book_ocr\page_405.tsv	269	3	113	32.84	84	review	low_confidence
406	D:\瑞安文化研究\Ruianese\張永愷書之圖\瑞安方言读音字典 (张永恺) (Z-Library)_2_页面_406.png	D:\瑞安文化研究\Ruianese\Ruianese_upload\Ruianese_Tying_Method\output\jie_yong_ki\book_ocr\page_406.txt	D:\瑞安文化研究\Ruianese\Ruianese_upload\Ruianese_Tying_Method\output\jie_yong_ki\book_ocr\page_406.tsv	218	25	91	27.86	75	review	low_confidence
407	D:\瑞安文化研究\Ruianese\張永愷書之圖\瑞安方言读音字典 (张永恺) (Z-Library)_2_页面_407.png	D:\瑞安文化研究\Ruianese\Ruianese_upload\Ruianese_Tying_Method\output\jie_yong_ki\book_ocr\page_407.txt	D:\瑞安文化研究\Ruianese\Ruianese_upload\Ruianese_Tying_Method\output\jie_yong_ki\book_ocr\page_407.tsv	128	6	44	26.87	36	review	low_confidence
408	D:\瑞安文化研究\Ruianese\張永愷書之圖\瑞安方言读音字典 (张永恺) (Z-Library)_2_页面_408.png	D:\瑞安文化研究\Ruianese\Ruianese_upload\Ruianese_Tying_Method\output\jie_yong_ki\book_ocr\page_408.txt	D:\瑞安文化研究\Ruianese\Ruianese_upload\Ruianese_Tying_Method\output\jie_yong_ki\book_ocr\page_408.tsv	217	7	83	29.03	71	review	low_confidence
409	D:\瑞安文化研究\Ruianese\張永愷書之圖\瑞安方言读音字典 (张永恺) (Z-Library)_2_页面_409.png	D:\瑞安文化研究\Ruianese\Ruianese_upload\Ruianese_Tying_Method\output\jie_yong_ki\book_ocr\page_409.txt	D:\瑞安文化研究\Ruianese\Ruianese_upload\Ruianese_Tying_Method\output\jie_yong_ki\book_ocr\page_409.tsv	393	4	170	38.64	109	review	low_confidence
410	D:\瑞安文化研究\Ruianese\張永愷書之圖\瑞安方言读音字典 (张永恺) (Z-Library)_2_页面_410.png	D:\瑞安文化研究\Ruianese\Ruianese_upload\Ruianese_Tying_Method\output\jie_yong_ki\book_ocr\page_410.txt	D:\瑞安文化研究\Ruianese\Ruianese_upload\Ruianese_Tying_Method\output\jie_yong_ki\book_ocr\page_410.tsv	219	7	88	25.38	77	review	low_confidence
411	D:\瑞安文化研究\Ruianese\張永愷書之圖\瑞安方言读音字典 (张永恺) (Z-Library)_2_页面_411.png	D:\瑞安文化研究\Ruianese\Ruianese_upload\Ruianese_Tying_Method\output\jie_yong_ki\book_ocr\page_411.txt	D:\瑞安文化研究\Ruianese\Ruianese_upload\Ruianese_Tying_Method\output\jie_yong_ki\book_ocr\page_411.tsv	205	3	84	32.96	71	review	low_confidence
412	D:\瑞安文化研究\Ruianese\張永愷書之圖\瑞安方言读音字典 (张永恺) (Z-Library)_2_页面_412.png	D:\瑞安文化研究\Ruianese\Ruianese_upload\Ruianese_Tying_Method\output\jie_yong_ki\book_ocr\page_412.txt	D:\瑞安文化研究\Ruianese\Ruianese_upload\Ruianese_Tying_Method\output\jie_yong_ki\book_ocr\page_412.tsv	203	15	77	30.23	65	review	low_confidence
413	D:\瑞安文化研究\Ruianese\張永愷書之圖\瑞安方言读音字典 (张永恺) (Z-Library)_2_页面_413.png	D:\瑞安文化研究\Ruianese\Ruianese_upload\Ruianese_Tying_Method\output\jie_yong_ki\book_ocr\page_413.txt	D:\瑞安文化研究\Ruianese\Ruianese_upload\Ruianese_Tying_Method\output\jie_yong_ki\book_ocr\page_413.tsv	348	15	138	26.66	113	review	low_confidence
414	D:\瑞安文化研究\Ruianese\張永愷書之圖\瑞安方言读音字典 (张永恺) (Z-Library)_2_页面_414.png	D:\瑞安文化研究\Ruianese\Ruianese_upload\Ruianese_Tying_Method\output\jie_yong_ki\book_ocr\page_414.txt	D:\瑞安文化研究\Ruianese\Ruianese_upload\Ruianese_Tying_Method\output\jie_yong_ki\book_ocr\page_414.tsv	258	17	110	39.33	75	review	low_confidence
415	D:\瑞安文化研究\Ruianese\張永愷書之圖\瑞安方言读音字典 (张永恺) (Z-Library)_2_页面_415.png	D:\瑞安文化研究\Ruianese\Ruianese_upload\Ruianese_Tying_Method\output\jie_yong_ki\book_ocr\page_415.txt	D:\瑞安文化研究\Ruianese\Ruianese_upload\Ruianese_Tying_Method\output\jie_yong_ki\book_ocr\page_415.tsv	467	23	216	39.41	132	review	low_confidence
416	D:\瑞安文化研究\Ruianese\張永愷書之圖\瑞安方言读音字典 (张永恺) (Z-Library)_2_页面_416.png	D:\瑞安文化研究\Ruianese\Ruianese_upload\Ruianese_Tying_Method\output\jie_yong_ki\book_ocr\page_416.txt	D:\瑞安文化研究\Ruianese\Ruianese_upload\Ruianese_Tying_Method\output\jie_yong_ki\book_ocr\page_416.tsv	294	19	142	40.95	84	review	low_confidence
417	D:\瑞安文化研究\Ruianese\張永愷書之圖\瑞安方言读音字典 (张永恺) (Z-Library)_2_页面_417.png	D:\瑞安文化研究\Ruianese\Ruianese_upload\Ruianese_Tying_Method\output\jie_yong_ki\book_ocr\page_417.txt	D:\瑞安文化研究\Ruianese\Ruianese_upload\Ruianese_Tying_Method\output\jie_yong_ki\book_ocr\page_417.tsv	333	7	157	36.53	110	review	low_confidence
418	D:\瑞安文化研究\Ruianese\張永愷書之圖\瑞安方言读音字典 (张永恺) (Z-Library)_2_页面_418.png	D:\瑞安文化研究\Ruianese\Ruianese_upload\Ruianese_Tying_Method\output\jie_yong_ki\book_ocr\page_418.txt	D:\瑞安文化研究\Ruianese\Ruianese_upload\Ruianese_Tying_Method\output\jie_yong_ki\book_ocr\page_418.tsv	280	23	117	36.60	76	review	low_confidence
419	D:\瑞安文化研究\Ruianese\張永愷書之圖\瑞安方言读音字典 (张永恺) (Z-Library)_2_页面_419.png	D:\瑞安文化研究\Ruianese\Ruianese_upload\Ruianese_Tying_Method\output\jie_yong_ki\book_ocr\page_419.txt	D:\瑞安文化研究\Ruianese\Ruianese_upload\Ruianese_Tying_Method\output\jie_yong_ki\book_ocr\page_419.tsv	392	45	215	43.59	113	review	low_confidence
420	D:\瑞安文化研究\Ruianese\張永愷書之圖\瑞安方言读音字典 (张永恺) (Z-Library)_2_页面_420.png	D:\瑞安文化研究\Ruianese\Ruianese_upload\Ruianese_Tying_Method\output\jie_yong_ki\book_ocr\page_420.txt	D:\瑞安文化研究\Ruianese\Ruianese_upload\Ruianese_Tying_Method\output\jie_yong_ki\book_ocr\page_420.tsv	357	19	148	35.36	106	review	low_confidence
421	D:\瑞安文化研究\Ruianese\張永愷書之圖\瑞安方言读音字典 (张永恺) (Z-Library)_2_页面_421.png	D:\瑞安文化研究\Ruianese\Ruianese_upload\Ruianese_Tying_Method\output\jie_yong_ki\book_ocr\page_421.txt	D:\瑞安文化研究\Ruianese\Ruianese_upload\Ruianese_Tying_Method\output\jie_yong_ki\book_ocr\page_421.tsv	323	30	163	41.16	92	review	low_confidence
422	D:\瑞安文化研究\Ruianese\張永愷書之圖\瑞安方言读音字典 (张永恺) (Z-Library)_2_页面_422.png	D:\瑞安文化研究\Ruianese\Ruianese_upload\Ruianese_Tying_Method\output\jie_yong_ki\book_ocr\page_422.txt	D:\瑞安文化研究\Ruianese\Ruianese_upload\Ruianese_Tying_Method\output\jie_yong_ki\book_ocr\page_422.tsv	219	8	76	31.56	63	review	low_confidence
423	D:\瑞安文化研究\Ruianese\張永愷書之圖\瑞安方言读音字典 (张永恺) (Z-Library)_2_页面_423.png	D:\瑞安文化研究\Ruianese\Ruianese_upload\Ruianese_Tying_Method\output\jie_yong_ki\book_ocr\page_423.txt	D:\瑞安文化研究\Ruianese\Ruianese_upload\Ruianese_Tying_Method\output\jie_yong_ki\book_ocr\page_423.tsv	316	10	124	30.12	97	review	low_confidence
424	D:\瑞安文化研究\Ruianese\張永愷書之圖\瑞安方言读音字典 (张永恺) (Z-Library)_2_页面_424.png	D:\瑞安文化研究\Ruianese\Ruianese_upload\Ruianese_Tying_Method\output\jie_yong_ki\book_ocr\page_424.txt	D:\瑞安文化研究\Ruianese\Ruianese_upload\Ruianese_Tying_Method\output\jie_yong_ki\book_ocr\page_424.tsv	344	26	158	37.32	109	review	low_confidence
425	D:\瑞安文化研究\Ruianese\張永愷書之圖\瑞安方言读音字典 (张永恺) (Z-Library)_2_页面_425.png	D:\瑞安文化研究\Ruianese\Ruianese_upload\Ruianese_Tying_Method\output\jie_yong_ki\book_ocr\page_425.txt	D:\瑞安文化研究\Ruianese\Ruianese_upload\Ruianese_Tying_Method\output\jie_yong_ki\book_ocr\page_425.tsv	461	30	224	39.53	140	review	low_confidence
426	D:\瑞安文化研究\Ruianese\張永愷書之圖\瑞安方言读音字典 (张永恺) (Z-Library)_2_页面_426.png	D:\瑞安文化研究\Ruianese\Ruianese_upload\Ruianese_Tying_Method\output\jie_yong_ki\book_ocr\page_426.txt	D:\瑞安文化研究\Ruianese\Ruianese_upload\Ruianese_Tying_Method\output\jie_yong_ki\book_ocr\page_426.tsv	307	21	131	33.81	103	review	low_confidence
427	D:\瑞安文化研究\Ruianese\張永愷書之圖\瑞安方言读音字典 (张永恺) (Z-Library)_2_页面_427.png	D:\瑞安文化研究\Ruianese\Ruianese_upload\Ruianese_Tying_Method\output\jie_yong_ki\book_ocr\page_427.txt	D:\瑞安文化研究\Ruianese\Ruianese_upload\Ruianese_Tying_Method\output\jie_yong_ki\book_ocr\page_427.tsv	261	11	98	33.09	71	review	low_confidence
428	D:\瑞安文化研究\Ruianese\張永愷書之圖\瑞安方言读音字典 (张永恺) (Z-Library)_2_页面_428.png	D:\瑞安文化研究\Ruianese\Ruianese_upload\Ruianese_Tying_Method\output\jie_yong_ki\book_ocr\page_428.txt	D:\瑞安文化研究\Ruianese\Ruianese_upload\Ruianese_Tying_Method\output\jie_yong_ki\book_ocr\page_428.tsv	227	17	88	33.58	67	review	low_confidence
429	D:\瑞安文化研究\Ruianese\張永愷書之圖\瑞安方言读音字典 (张永恺) (Z-Library)_2_页面_429.png	D:\瑞安文化研究\Ruianese\Ruianese_upload\Ruianese_Tying_Method\output\jie_yong_ki\book_ocr\page_429.txt	D:\瑞安文化研究\Ruianese\Ruianese_upload\Ruianese_Tying_Method\output\jie_yong_ki\book_ocr\page_429.tsv	413	22	194	39.75	117	review	low_confidence
430	D:\瑞安文化研究\Ruianese\張永愷書之圖\瑞安方言读音字典 (张永恺) (Z-Library)_2_页面_430.png	D:\瑞安文化研究\Ruianese\Ruianese_upload\Ruianese_Tying_Method\output\jie_yong_ki\book_ocr\page_430.txt	D:\瑞安文化研究\Ruianese\Ruianese_upload\Ruianese_Tying_Method\output\jie_yong_ki\book_ocr\page_430.tsv	286	11	114	31.12	82	review	low_confidence
431	D:\瑞安文化研究\Ruianese\張永愷書之圖\瑞安方言读音字典 (张永恺) (Z-Library)_2_页面_431.png	D:\瑞安文化研究\Ruianese\Ruianese_upload\Ruianese_Tying_Method\output\jie_yong_ki\book_ocr\page_431.txt	D:\瑞安文化研究\Ruianese\Ruianese_upload\Ruianese_Tying_Method\output\jie_yong_ki\book_ocr\page_431.tsv	210	19	91	28.40	74	review	low_confidence
432	D:\瑞安文化研究\Ruianese\張永愷書之圖\瑞安方言读音字典 (张永恺) (Z-Library)_2_页面_432.png	D:\瑞安文化研究\Ruianese\Ruianese_upload\Ruianese_Tying_Method\output\jie_yong_ki\book_ocr\page_432.txt	D:\瑞安文化研究\Ruianese\Ruianese_upload\Ruianese_Tying_Method\output\jie_yong_ki\book_ocr\page_432.tsv	305	12	119	33.54	87	review	low_confidence
433	D:\瑞安文化研究\Ruianese\張永愷書之圖\瑞安方言读音字典 (张永恺) (Z-Library)_2_页面_433.png	D:\瑞安文化研究\Ruianese\Ruianese_upload\Ruianese_Tying_Method\output\jie_yong_ki\book_ocr\page_433.txt	D:\瑞安文化研究\Ruianese\Ruianese_upload\Ruianese_Tying_Method\output\jie_yong_ki\book_ocr\page_433.tsv	267	21	108	24.83	88	review	low_confidence
434	D:\瑞安文化研究\Ruianese\張永愷書之圖\瑞安方言读音字典 (张永恺) (Z-Library)_2_页面_434.png	D:\瑞安文化研究\Ruianese\Ruianese_upload\Ruianese_Tying_Method\output\jie_yong_ki\book_ocr\page_434.txt	D:\瑞安文化研究\Ruianese\Ruianese_upload\Ruianese_Tying_Method\output\jie_yong_ki\book_ocr\page_434.tsv	372	24	174	38.68	106	review	low_confidence
435	D:\瑞安文化研究\Ruianese\張永愷書之圖\瑞安方言读音字典 (张永恺) (Z-Library)_2_页面_435.png	D:\瑞安文化研究\Ruianese\Ruianese_upload\Ruianese_Tying_Method\output\jie_yong_ki\book_ocr\page_435.txt	D:\瑞安文化研究\Ruianese\Ruianese_upload\Ruianese_Tying_Method\output\jie_yong_ki\book_ocr\page_435.tsv	260	3	101	27.11	81	review	low_confidence
436	D:\瑞安文化研究\Ruianese\張永愷書之圖\瑞安方言读音字典 (张永恺) (Z-Library)_2_页面_436.png	D:\瑞安文化研究\Ruianese\Ruianese_upload\Ruianese_Tying_Method\output\jie_yong_ki\book_ocr\page_436.txt	D:\瑞安文化研究\Ruianese\Ruianese_upload\Ruianese_Tying_Method\output\jie_yong_ki\book_ocr\page_436.tsv	395	28	182	39.11	111	review	low_confidence
437	D:\瑞安文化研究\Ruianese\張永愷書之圖\瑞安方言读音字典 (张永恺) (Z-Library)_2_页面_437.png	D:\瑞安文化研究\Ruianese\Ruianese_upload\Ruianese_Tying_Method\output\jie_yong_ki\book_ocr\page_437.txt	D:\瑞安文化研究\Ruianese\Ruianese_upload\Ruianese_Tying_Method\output\jie_yong_ki\book_ocr\page_437.tsv	353	22	164	44.84	98	review	low_confidence
438	D:\瑞安文化研究\Ruianese\張永愷書之圖\瑞安方言读音字典 (张永恺) (Z-Library)_2_页面_438.png	D:\瑞安文化研究\Ruianese\Ruianese_upload\Ruianese_Tying_Method\output\jie_yong_ki\book_ocr\page_438.txt	D:\瑞安文化研究\Ruianese\Ruianese_upload\Ruianese_Tying_Method\output\jie_yong_ki\book_ocr\page_438.tsv	307	10	128	32.58	99	review	low_confidence
439	D:\瑞安文化研究\Ruianese\張永愷書之圖\瑞安方言读音字典 (张永恺) (Z-Library)_2_页面_439.png	D:\瑞安文化研究\Ruianese\Ruianese_upload\Ruianese_Tying_Method\output\jie_yong_ki\book_ocr\page_439.txt	D:\瑞安文化研究\Ruianese\Ruianese_upload\Ruianese_Tying_Method\output\jie_yong_ki\book_ocr\page_439.tsv	359	9	167	36.87	112	review	low_confidence
440	D:\瑞安文化研究\Ruianese\張永愷書之圖\瑞安方言读音字典 (张永恺) (Z-Library)_2_页面_440.png	D:\瑞安文化研究\Ruianese\Ruianese_upload\Ruianese_Tying_Method\output\jie_yong_ki\book_ocr\page_440.txt	D:\瑞安文化研究\Ruianese\Ruianese_upload\Ruianese_Tying_Method\output\jie_yong_ki\book_ocr\page_440.tsv	307	11	136	33.97	94	review	low_confidence
441	D:\瑞安文化研究\Ruianese\張永愷書之圖\瑞安方言读音字典 (张永恺) (Z-Library)_2_页面_441.png	D:\瑞安文化研究\Ruianese\Ruianese_upload\Ruianese_Tying_Method\output\jie_yong_ki\book_ocr\page_441.txt	D:\瑞安文化研究\Ruianese\Ruianese_upload\Ruianese_Tying_Method\output\jie_yong_ki\book_ocr\page_441.tsv	282	13	112	29.76	86	review	low_confidence
442	D:\瑞安文化研究\Ruianese\張永愷書之圖\瑞安方言读音字典 (张永恺) (Z-Library)_2_页面_442.png	D:\瑞安文化研究\Ruianese\Ruianese_upload\Ruianese_Tying_Method\output\jie_yong_ki\book_ocr\page_442.txt	D:\瑞安文化研究\Ruianese\Ruianese_upload\Ruianese_Tying_Method\output\jie_yong_ki\book_ocr\page_442.tsv	222	28	98	28.91	77	review	low_confidence
443	D:\瑞安文化研究\Ruianese\張永愷書之圖\瑞安方言读音字典 (张永恺) (Z-Library)_2_页面_443.png	D:\瑞安文化研究\Ruianese\Ruianese_upload\Ruianese_Tying_Method\output\jie_yong_ki\book_ocr\page_443.txt	D:\瑞安文化研究\Ruianese\Ruianese_upload\Ruianese_Tying_Method\output\jie_yong_ki\book_ocr\page_443.tsv	300	13	116	29.10	89	review	low_confidence
444	D:\瑞安文化研究\Ruianese\張永愷書之圖\瑞安方言读音字典 (张永恺) (Z-Library)_2_页面_444.png	D:\瑞安文化研究\Ruianese\Ruianese_upload\Ruianese_Tying_Method\output\jie_yong_ki\book_ocr\page_444.txt	D:\瑞安文化研究\Ruianese\Ruianese_upload\Ruianese_Tying_Method\output\jie_yong_ki\book_ocr\page_444.tsv	443	22	208	40.48	117	review	low_confidence
445	D:\瑞安文化研究\Ruianese\張永愷書之圖\瑞安方言读音字典 (张永恺) (Z-Library)_2_页面_445.png	D:\瑞安文化研究\Ruianese\Ruianese_upload\Ruianese_Tying_Method\output\jie_yong_ki\book_ocr\page_445.txt	D:\瑞安文化研究\Ruianese\Ruianese_upload\Ruianese_Tying_Method\output\jie_yong_ki\book_ocr\page_445.tsv	381	9	177	38.13	102	review	low_confidence
446	D:\瑞安文化研究\Ruianese\張永愷書之圖\瑞安方言读音字典 (张永恺) (Z-Library)_2_页面_446.png	D:\瑞安文化研究\Ruianese\Ruianese_upload\Ruianese_Tying_Method\output\jie_yong_ki\book_ocr\page_446.txt	D:\瑞安文化研究\Ruianese\Ruianese_upload\Ruianese_Tying_Method\output\jie_yong_ki\book_ocr\page_446.tsv	326	7	118	27.16	102	review	low_confidence
447	D:\瑞安文化研究\Ruianese\張永愷書之圖\瑞安方言读音字典 (张永恺) (Z-Library)_2_页面_447.png	D:\瑞安文化研究\Ruianese\Ruianese_upload\Ruianese_Tying_Method\output\jie_yong_ki\book_ocr\page_447.txt	D:\瑞安文化研究\Ruianese\Ruianese_upload\Ruianese_Tying_Method\output\jie_yong_ki\book_ocr\page_447.tsv	320	23	117	29.01	94	review	low_confidence
448	D:\瑞安文化研究\Ruianese\張永愷書之圖\瑞安方言读音字典 (张永恺) (Z-Library)_2_页面_448.png	D:\瑞安文化研究\Ruianese\Ruianese_upload\Ruianese_Tying_Method\output\jie_yong_ki\book_ocr\page_448.txt	D:\瑞安文化研究\Ruianese\Ruianese_upload\Ruianese_Tying_Method\output\jie_yong_ki\book_ocr\page_448.tsv	271	37	144	49.44	71	ok	
449	D:\瑞安文化研究\Ruianese\張永愷書之圖\瑞安方言读音字典 (张永恺) (Z-Library)_2_页面_449.png	D:\瑞安文化研究\Ruianese\Ruianese_upload\Ruianese_Tying_Method\output\jie_yong_ki\book_ocr\page_449.txt	D:\瑞安文化研究\Ruianese\Ruianese_upload\Ruianese_Tying_Method\output\jie_yong_ki\book_ocr\page_449.tsv	306	11	108	25.72	90	review	low_confidence
450	D:\瑞安文化研究\Ruianese\張永愷書之圖\瑞安方言读音字典 (张永恺) (Z-Library)_2_页面_450.png	D:\瑞安文化研究\Ruianese\Ruianese_upload\Ruianese_Tying_Method\output\jie_yong_ki\book_ocr\page_450.txt	D:\瑞安文化研究\Ruianese\Ruianese_upload\Ruianese_Tying_Method\output\jie_yong_ki\book_ocr\page_450.tsv	252	17	96	28.51	79	review	low_confidence
451	D:\瑞安文化研究\Ruianese\張永愷書之圖\瑞安方言读音字典 (张永恺) (Z-Library)_2_页面_451.png	D:\瑞安文化研究\Ruianese\Ruianese_upload\Ruianese_Tying_Method\output\jie_yong_ki\book_ocr\page_451.txt	D:\瑞安文化研究\Ruianese\Ruianese_upload\Ruianese_Tying_Method\output\jie_yong_ki\book_ocr\page_451.tsv	347	9	154	37.15	108	review	low_confidence
452	D:\瑞安文化研究\Ruianese\張永愷書之圖\瑞安方言读音字典 (张永恺) (Z-Library)_2_页面_452.png	D:\瑞安文化研究\Ruianese\Ruianese_upload\Ruianese_Tying_Method\output\jie_yong_ki\book_ocr\page_452.txt	D:\瑞安文化研究\Ruianese\Ruianese_upload\Ruianese_Tying_Method\output\jie_yong_ki\book_ocr\page_452.tsv	470	31	235	41.94	138	review	low_confidence
453	D:\瑞安文化研究\Ruianese\張永愷書之圖\瑞安方言读音字典 (张永恺) (Z-Library)_2_页面_453.png	D:\瑞安文化研究\Ruianese\Ruianese_upload\Ruianese_Tying_Method\output\jie_yong_ki\book_ocr\page_453.txt	D:\瑞安文化研究\Ruianese\Ruianese_upload\Ruianese_Tying_Method\output\jie_yong_ki\book_ocr\page_453.tsv	250	11	100	29.22	78	review	low_confidence
454	D:\瑞安文化研究\Ruianese\張永愷書之圖\瑞安方言读音字典 (张永恺) (Z-Library)_2_页面_454.png	D:\瑞安文化研究\Ruianese\Ruianese_upload\Ruianese_Tying_Method\output\jie_yong_ki\book_ocr\page_454.txt	D:\瑞安文化研究\Ruianese\Ruianese_upload\Ruianese_Tying_Method\output\jie_yong_ki\book_ocr\page_454.tsv	327	13	116	27.02	99	review	low_confidence
455	D:\瑞安文化研究\Ruianese\張永愷書之圖\瑞安方言读音字典 (张永恺) (Z-Library)_2_页面_455.png	D:\瑞安文化研究\Ruianese\Ruianese_upload\Ruianese_Tying_Method\output\jie_yong_ki\book_ocr\page_455.txt	D:\瑞安文化研究\Ruianese\Ruianese_upload\Ruianese_Tying_Method\output\jie_yong_ki\book_ocr\page_455.tsv	236	10	92	23.97	83	review	low_confidence
456	D:\瑞安文化研究\Ruianese\張永愷書之圖\瑞安方言读音字典 (张永恺) (Z-Library)_2_页面_456.png	D:\瑞安文化研究\Ruianese\Ruianese_upload\Ruianese_Tying_Method\output\jie_yong_ki\book_ocr\page_456.txt	D:\瑞安文化研究\Ruianese\Ruianese_upload\Ruianese_Tying_Method\output\jie_yong_ki\book_ocr\page_456.tsv	279	22	149	43.98	86	review	low_confidence
457	D:\瑞安文化研究\Ruianese\張永愷書之圖\瑞安方言读音字典 (张永恺) (Z-Library)_2_页面_457.png	D:\瑞安文化研究\Ruianese\Ruianese_upload\Ruianese_Tying_Method\output\jie_yong_ki\book_ocr\page_457.txt	D:\瑞安文化研究\Ruianese\Ruianese_upload\Ruianese_Tying_Method\output\jie_yong_ki\book_ocr\page_457.tsv	402	23	189	37.42	122	review	low_confidence
458	D:\瑞安文化研究\Ruianese\張永愷書之圖\瑞安方言读音字典 (张永恺) (Z-Library)_2_页面_458.png	D:\瑞安文化研究\Ruianese\Ruianese_upload\Ruianese_Tying_Method\output\jie_yong_ki\book_ocr\page_458.txt	D:\瑞安文化研究\Ruianese\Ruianese_upload\Ruianese_Tying_Method\output\jie_yong_ki\book_ocr\page_458.tsv	365	39	186	46.33	96	ok	
459	D:\瑞安文化研究\Ruianese\張永愷書之圖\瑞安方言读音字典 (张永恺) (Z-Library)_2_页面_459.png	D:\瑞安文化研究\Ruianese\Ruianese_upload\Ruianese_Tying_Method\output\jie_yong_ki\book_ocr\page_459.txt	D:\瑞安文化研究\Ruianese\Ruianese_upload\Ruianese_Tying_Method\output\jie_yong_ki\book_ocr\page_459.tsv	318	17	122	32.04	87	review	low_confidence
460	D:\瑞安文化研究\Ruianese\張永愷書之圖\瑞安方言读音字典 (张永恺) (Z-Library)_2_页面_460.png	D:\瑞安文化研究\Ruianese\Ruianese_upload\Ruianese_Tying_Method\output\jie_yong_ki\book_ocr\page_460.txt	D:\瑞安文化研究\Ruianese\Ruianese_upload\Ruianese_Tying_Method\output\jie_yong_ki\book_ocr\page_460.tsv	302	9	117	32.78	90	review	low_confidence
461	D:\瑞安文化研究\Ruianese\張永愷書之圖\瑞安方言读音字典 (张永恺) (Z-Library)_2_页面_461.png	D:\瑞安文化研究\Ruianese\Ruianese_upload\Ruianese_Tying_Method\output\jie_yong_ki\book_ocr\page_461.txt	D:\瑞安文化研究\Ruianese\Ruianese_upload\Ruianese_Tying_Method\output\jie_yong_ki\book_ocr\page_461.tsv	287	44	151	49.50	74	ok	
462	D:\瑞安文化研究\Ruianese\張永愷書之圖\瑞安方言读音字典 (张永恺) (Z-Library)_2_页面_462.png	D:\瑞安文化研究\Ruianese\Ruianese_upload\Ruianese_Tying_Method\output\jie_yong_ki\book_ocr\page_462.txt	D:\瑞安文化研究\Ruianese\Ruianese_upload\Ruianese_Tying_Method\output\jie_yong_ki\book_ocr\page_462.tsv	355	30	165	38.07	110	review	low_confidence
463	D:\瑞安文化研究\Ruianese\張永愷書之圖\瑞安方言读音字典 (张永恺) (Z-Library)_2_页面_463.png	D:\瑞安文化研究\Ruianese\Ruianese_upload\Ruianese_Tying_Method\output\jie_yong_ki\book_ocr\page_463.txt	D:\瑞安文化研究\Ruianese\Ruianese_upload\Ruianese_Tying_Method\output\jie_yong_ki\book_ocr\page_463.tsv	206	23	89	30.72	73	review	low_confidence
464	D:\瑞安文化研究\Ruianese\張永愷書之圖\瑞安方言读音字典 (张永恺) (Z-Library)_2_页面_464.png	D:\瑞安文化研究\Ruianese\Ruianese_upload\Ruianese_Tying_Method\output\jie_yong_ki\book_ocr\page_464.txt	D:\瑞安文化研究\Ruianese\Ruianese_upload\Ruianese_Tying_Method\output\jie_yong_ki\book_ocr\page_464.tsv	248	8	94	29.78	79	review	low_confidence
465	D:\瑞安文化研究\Ruianese\張永愷書之圖\瑞安方言读音字典 (张永恺) (Z-Library)_2_页面_465.png	D:\瑞安文化研究\Ruianese\Ruianese_upload\Ruianese_Tying_Method\output\jie_yong_ki\book_ocr\page_465.txt	D:\瑞安文化研究\Ruianese\Ruianese_upload\Ruianese_Tying_Method\output\jie_yong_ki\book_ocr\page_465.tsv	389	15	176	38.05	117	review	low_confidence
466	D:\瑞安文化研究\Ruianese\張永愷書之圖\瑞安方言读音字典 (张永恺) (Z-Library)_2_页面_466.png	D:\瑞安文化研究\Ruianese\Ruianese_upload\Ruianese_Tying_Method\output\jie_yong_ki\book_ocr\page_466.txt	D:\瑞安文化研究\Ruianese\Ruianese_upload\Ruianese_Tying_Method\output\jie_yong_ki\book_ocr\page_466.tsv	319	10	113	28.01	91	review	low_confidence
467	D:\瑞安文化研究\Ruianese\張永愷書之圖\瑞安方言读音字典 (张永恺) (Z-Library)_2_页面_467.png	D:\瑞安文化研究\Ruianese\Ruianese_upload\Ruianese_Tying_Method\output\jie_yong_ki\book_ocr\page_467.txt	D:\瑞安文化研究\Ruianese\Ruianese_upload\Ruianese_Tying_Method\output\jie_yong_ki\book_ocr\page_467.tsv	327	14	136	36.21	96	review	low_confidence
468	D:\瑞安文化研究\Ruianese\張永愷書之圖\瑞安方言读音字典 (张永恺) (Z-Library)_2_页面_468.png	D:\瑞安文化研究\Ruianese\Ruianese_upload\Ruianese_Tying_Method\output\jie_yong_ki\book_ocr\page_468.txt	D:\瑞安文化研究\Ruianese\Ruianese_upload\Ruianese_Tying_Method\output\jie_yong_ki\book_ocr\page_468.tsv	324	3	116	24.32	98	review	low_confidence
469	D:\瑞安文化研究\Ruianese\張永愷書之圖\瑞安方言读音字典 (张永恺) (Z-Library)_2_页面_469.png	D:\瑞安文化研究\Ruianese\Ruianese_upload\Ruianese_Tying_Method\output\jie_yong_ki\book_ocr\page_469.txt	D:\瑞安文化研究\Ruianese\Ruianese_upload\Ruianese_Tying_Method\output\jie_yong_ki\book_ocr\page_469.tsv	270	11	111	28.94	95	review	low_confidence
470	D:\瑞安文化研究\Ruianese\張永愷書之圖\瑞安方言读音字典 (张永恺) (Z-Library)_2_页面_470.png	D:\瑞安文化研究\Ruianese\Ruianese_upload\Ruianese_Tying_Method\output\jie_yong_ki\book_ocr\page_470.txt	D:\瑞安文化研究\Ruianese\Ruianese_upload\Ruianese_Tying_Method\output\jie_yong_ki\book_ocr\page_470.tsv	408	29	200	39.42	126	review	low_confidence
471	D:\瑞安文化研究\Ruianese\張永愷書之圖\瑞安方言读音字典 (张永恺) (Z-Library)_2_页面_471.png	D:\瑞安文化研究\Ruianese\Ruianese_upload\Ruianese_Tying_Method\output\jie_yong_ki\book_ocr\page_471.txt	D:\瑞安文化研究\Ruianese\Ruianese_upload\Ruianese_Tying_Method\output\jie_yong_ki\book_ocr\page_471.tsv	175	3	65	26.66	58	review	low_confidence
472	D:\瑞安文化研究\Ruianese\張永愷書之圖\瑞安方言读音字典 (张永恺) (Z-Library)_2_页面_472.png	D:\瑞安文化研究\Ruianese\Ruianese_upload\Ruianese_Tying_Method\output\jie_yong_ki\book_ocr\page_472.txt	D:\瑞安文化研究\Ruianese\Ruianese_upload\Ruianese_Tying_Method\output\jie_yong_ki\book_ocr\page_472.tsv	257	4	94	23.01	85	review	low_confidence
473	D:\瑞安文化研究\Ruianese\張永愷書之圖\瑞安方言读音字典 (张永恺) (Z-Library)_2_页面_473.png	D:\瑞安文化研究\Ruianese\Ruianese_upload\Ruianese_Tying_Method\output\jie_yong_ki\book_ocr\page_473.txt	D:\瑞安文化研究\Ruianese\Ruianese_upload\Ruianese_Tying_Method\output\jie_yong_ki\book_ocr\page_473.tsv	324	22	151	38.22	93	review	low_confidence
474	D:\瑞安文化研究\Ruianese\張永愷書之圖\瑞安方言读音字典 (张永恺) (Z-Library)_2_页面_474.png	D:\瑞安文化研究\Ruianese\Ruianese_upload\Ruianese_Tying_Method\output\jie_yong_ki\book_ocr\page_474.txt	D:\瑞安文化研究\Ruianese\Ruianese_upload\Ruianese_Tying_Method\output\jie_yong_ki\book_ocr\page_474.tsv	286	11	106	29.07	87	review	low_confidence
475	D:\瑞安文化研究\Ruianese\張永愷書之圖\瑞安方言读音字典 (张永恺) (Z-Library)_2_页面_475.png	D:\瑞安文化研究\Ruianese\Ruianese_upload\Ruianese_Tying_Method\output\jie_yong_ki\book_ocr\page_475.txt	D:\瑞安文化研究\Ruianese\Ruianese_upload\Ruianese_Tying_Method\output\jie_yong_ki\book_ocr\page_475.tsv	291	10	112	33.24	81	review	low_confidence
476	D:\瑞安文化研究\Ruianese\張永愷書之圖\瑞安方言读音字典 (张永恺) (Z-Library)_2_页面_476.png	D:\瑞安文化研究\Ruianese\Ruianese_upload\Ruianese_Tying_Method\output\jie_yong_ki\book_ocr\page_476.txt	D:\瑞安文化研究\Ruianese\Ruianese_upload\Ruianese_Tying_Method\output\jie_yong_ki\book_ocr\page_476.tsv	456	37	236	47.80	114	ok	
477	D:\瑞安文化研究\Ruianese\張永愷書之圖\瑞安方言读音字典 (张永恺) (Z-Library)_2_页面_477.png	D:\瑞安文化研究\Ruianese\Ruianese_upload\Ruianese_Tying_Method\output\jie_yong_ki\book_ocr\page_477.txt	D:\瑞安文化研究\Ruianese\Ruianese_upload\Ruianese_Tying_Method\output\jie_yong_ki\book_ocr\page_477.tsv	315	21	139	33.85	102	review	low_confidence
478	D:\瑞安文化研究\Ruianese\張永愷書之圖\瑞安方言读音字典 (张永恺) (Z-Library)_2_页面_478.png	D:\瑞安文化研究\Ruianese\Ruianese_upload\Ruianese_Tying_Method\output\jie_yong_ki\book_ocr\page_478.txt	D:\瑞安文化研究\Ruianese\Ruianese_upload\Ruianese_Tying_Method\output\jie_yong_ki\book_ocr\page_478.tsv	318	41	170	42.14	94	review	low_confidence
479	D:\瑞安文化研究\Ruianese\張永愷書之圖\瑞安方言读音字典 (张永恺) (Z-Library)_2_页面_479.png	D:\瑞安文化研究\Ruianese\Ruianese_upload\Ruianese_Tying_Method\output\jie_yong_ki\book_ocr\page_479.txt	D:\瑞安文化研究\Ruianese\Ruianese_upload\Ruianese_Tying_Method\output\jie_yong_ki\book_ocr\page_479.tsv	214	7	83	23.49	73	review	low_confidence
480	D:\瑞安文化研究\Ruianese\張永愷書之圖\瑞安方言读音字典 (张永恺) (Z-Library)_2_页面_480.png	D:\瑞安文化研究\Ruianese\Ruianese_upload\Ruianese_Tying_Method\output\jie_yong_ki\book_ocr\page_480.txt	D:\瑞安文化研究\Ruianese\Ruianese_upload\Ruianese_Tying_Method\output\jie_yong_ki\book_ocr\page_480.tsv	151	9	69	31.18	52	review	low_confidence
481	D:\瑞安文化研究\Ruianese\張永愷書之圖\瑞安方言读音字典 (张永恺) (Z-Library)_2_页面_481.png	D:\瑞安文化研究\Ruianese\Ruianese_upload\Ruianese_Tying_Method\output\jie_yong_ki\book_ocr\page_481.txt	D:\瑞安文化研究\Ruianese\Ruianese_upload\Ruianese_Tying_Method\output\jie_yong_ki\book_ocr\page_481.tsv	263	11	116	39.56	72	review	low_confidence
482	D:\瑞安文化研究\Ruianese\張永愷書之圖\瑞安方言读音字典 (张永恺) (Z-Library)_2_页面_482.png	D:\瑞安文化研究\Ruianese\Ruianese_upload\Ruianese_Tying_Method\output\jie_yong_ki\book_ocr\page_482.txt	D:\瑞安文化研究\Ruianese\Ruianese_upload\Ruianese_Tying_Method\output\jie_yong_ki\book_ocr\page_482.tsv	365	6	182	42.01	105	review	low_confidence
483	D:\瑞安文化研究\Ruianese\張永愷書之圖\瑞安方言读音字典 (张永恺) (Z-Library)_2_页面_483.png	D:\瑞安文化研究\Ruianese\Ruianese_upload\Ruianese_Tying_Method\output\jie_yong_ki\book_ocr\page_483.txt	D:\瑞安文化研究\Ruianese\Ruianese_upload\Ruianese_Tying_Method\output\jie_yong_ki\book_ocr\page_483.tsv	258	23	112	40.72	70	review	low_confidence
484	D:\瑞安文化研究\Ruianese\張永愷書之圖\瑞安方言读音字典 (张永恺) (Z-Library)_2_页面_484.png	D:\瑞安文化研究\Ruianese\Ruianese_upload\Ruianese_Tying_Method\output\jie_yong_ki\book_ocr\page_484.txt	D:\瑞安文化研究\Ruianese\Ruianese_upload\Ruianese_Tying_Method\output\jie_yong_ki\book_ocr\page_484.tsv	276	10	121	34.56	88	review	low_confidence
485	D:\瑞安文化研究\Ruianese\張永愷書之圖\瑞安方言读音字典 (张永恺) (Z-Library)_2_页面_485.png	D:\瑞安文化研究\Ruianese\Ruianese_upload\Ruianese_Tying_Method\output\jie_yong_ki\book_ocr\page_485.txt	D:\瑞安文化研究\Ruianese\Ruianese_upload\Ruianese_Tying_Method\output\jie_yong_ki\book_ocr\page_485.tsv	331	9	146	35.11	99	review	low_confidence
486	D:\瑞安文化研究\Ruianese\張永愷書之圖\瑞安方言读音字典 (张永恺) (Z-Library)_2_页面_486.png	D:\瑞安文化研究\Ruianese\Ruianese_upload\Ruianese_Tying_Method\output\jie_yong_ki\book_ocr\page_486.txt	D:\瑞安文化研究\Ruianese\Ruianese_upload\Ruianese_Tying_Method\output\jie_yong_ki\book_ocr\page_486.tsv	326	20	147	38.47	86	review	low_confidence
487	D:\瑞安文化研究\Ruianese\張永愷書之圖\瑞安方言读音字典 (张永恺) (Z-Library)_2_页面_487.png	D:\瑞安文化研究\Ruianese\Ruianese_upload\Ruianese_Tying_Method\output\jie_yong_ki\book_ocr\page_487.txt	D:\瑞安文化研究\Ruianese\Ruianese_upload\Ruianese_Tying_Method\output\jie_yong_ki\book_ocr\page_487.tsv	219	12	86	26.82	76	review	low_confidence
488	D:\瑞安文化研究\Ruianese\張永愷書之圖\瑞安方言读音字典 (张永恺) (Z-Library)_2_页面_488.png	D:\瑞安文化研究\Ruianese\Ruianese_upload\Ruianese_Tying_Method\output\jie_yong_ki\book_ocr\page_488.txt	D:\瑞安文化研究\Ruianese\Ruianese_upload\Ruianese_Tying_Method\output\jie_yong_ki\book_ocr\page_488.tsv	379	13	181	40.08	110	review	low_confidence
489	D:\瑞安文化研究\Ruianese\張永愷書之圖\瑞安方言读音字典 (张永恺) (Z-Library)_2_页面_489.png	D:\瑞安文化研究\Ruianese\Ruianese_upload\Ruianese_Tying_Method\output\jie_yong_ki\book_ocr\page_489.txt	D:\瑞安文化研究\Ruianese\Ruianese_upload\Ruianese_Tying_Method\output\jie_yong_ki\book_ocr\page_489.tsv	405	9	175	35.29	115	review	low_confidence
490	D:\瑞安文化研究\Ruianese\張永愷書之圖\瑞安方言读音字典 (张永恺) (Z-Library)_2_页面_490.png	D:\瑞安文化研究\Ruianese\Ruianese_upload\Ruianese_Tying_Method\output\jie_yong_ki\book_ocr\page_490.txt	D:\瑞安文化研究\Ruianese\Ruianese_upload\Ruianese_Tying_Method\output\jie_yong_ki\book_ocr\page_490.tsv	354	15	155	36.93	105	review	low_confidence
491	D:\瑞安文化研究\Ruianese\張永愷書之圖\瑞安方言读音字典 (张永恺) (Z-Library)_2_页面_491.png	D:\瑞安文化研究\Ruianese\Ruianese_upload\Ruianese_Tying_Method\output\jie_yong_ki\book_ocr\page_491.txt	D:\瑞安文化研究\Ruianese\Ruianese_upload\Ruianese_Tying_Method\output\jie_yong_ki\book_ocr\page_491.tsv	244	13	114	37.56	70	review	low_confidence
492	D:\瑞安文化研究\Ruianese\張永愷書之圖\瑞安方言读音字典 (张永恺) (Z-Library)_2_页面_492.png	D:\瑞安文化研究\Ruianese\Ruianese_upload\Ruianese_Tying_Method\output\jie_yong_ki\book_ocr\page_492.txt	D:\瑞安文化研究\Ruianese\Ruianese_upload\Ruianese_Tying_Method\output\jie_yong_ki\book_ocr\page_492.tsv	2	2	1	47.03	0	review	short_text
493	D:\瑞安文化研究\Ruianese\張永愷書之圖\瑞安方言读音字典 (张永恺) (Z-Library)_2_页面_493.png	D:\瑞安文化研究\Ruianese\Ruianese_upload\Ruianese_Tying_Method\output\jie_yong_ki\book_ocr\page_493.txt	D:\瑞安文化研究\Ruianese\Ruianese_upload\Ruianese_Tying_Method\output\jie_yong_ki\book_ocr\page_493.tsv	4	1	2	46.93	1	review	short_text
494	D:\瑞安文化研究\Ruianese\張永愷書之圖\瑞安方言读音字典 (张永恺) (Z-Library)_2_页面_494.png	D:\瑞安文化研究\Ruianese\Ruianese_upload\Ruianese_Tying_Method\output\jie_yong_ki\book_ocr\page_494.txt	D:\瑞安文化研究\Ruianese\Ruianese_upload\Ruianese_Tying_Method\output\jie_yong_ki\book_ocr\page_494.tsv	367	4	155	38.83	94	review	low_confidence
495	D:\瑞安文化研究\Ruianese\張永愷書之圖\瑞安方言读音字典 (张永恺) (Z-Library)_2_页面_495.png	D:\瑞安文化研究\Ruianese\Ruianese_upload\Ruianese_Tying_Method\output\jie_yong_ki\book_ocr\page_495.txt	D:\瑞安文化研究\Ruianese\Ruianese_upload\Ruianese_Tying_Method\output\jie_yong_ki\book_ocr\page_495.tsv	605	14	228	34.84	156	review	low_confidence
496	D:\瑞安文化研究\Ruianese\張永愷書之圖\瑞安方言读音字典 (张永恺) (Z-Library)_2_页面_496.png	D:\瑞安文化研究\Ruianese\Ruianese_upload\Ruianese_Tying_Method\output\jie_yong_ki\book_ocr\page_496.txt	D:\瑞安文化研究\Ruianese\Ruianese_upload\Ruianese_Tying_Method\output\jie_yong_ki\book_ocr\page_496.tsv	443	14	231	39.54	143	review	low_confidence
497	D:\瑞安文化研究\Ruianese\張永愷書之圖\瑞安方言读音字典 (张永恺) (Z-Library)_2_页面_497.png	D:\瑞安文化研究\Ruianese\Ruianese_upload\Ruianese_Tying_Method\output\jie_yong_ki\book_ocr\page_497.txt	D:\瑞安文化研究\Ruianese\Ruianese_upload\Ruianese_Tying_Method\output\jie_yong_ki\book_ocr\page_497.tsv	132	7	56	26.66	47	review	low_confidence
498	D:\瑞安文化研究\Ruianese\張永愷書之圖\瑞安方言读音字典 (张永恺) (Z-Library)_2_页面_498.png	D:\瑞安文化研究\Ruianese\Ruianese_upload\Ruianese_Tying_Method\output\jie_yong_ki\book_ocr\page_498.txt	D:\瑞安文化研究\Ruianese\Ruianese_upload\Ruianese_Tying_Method\output\jie_yong_ki\book_ocr\page_498.tsv	412	1	230	44.05	113	review	low_confidence
499	D:\瑞安文化研究\Ruianese\張永愷書之圖\瑞安方言读音字典 (张永恺) (Z-Library)_2_页面_499.png	D:\瑞安文化研究\Ruianese\Ruianese_upload\Ruianese_Tying_Method\output\jie_yong_ki\book_ocr\page_499.txt	D:\瑞安文化研究\Ruianese\Ruianese_upload\Ruianese_Tying_Method\output\jie_yong_ki\book_ocr\page_499.tsv	237	10	111	37.35	73	review	low_confidence
500	D:\瑞安文化研究\Ruianese\張永愷書之圖\瑞安方言读音字典 (张永恺) (Z-Library)_2_页面_500.png	D:\瑞安文化研究\Ruianese\Ruianese_upload\Ruianese_Tying_Method\output\jie_yong_ki\book_ocr\page_500.txt	D:\瑞安文化研究\Ruianese\Ruianese_upload\Ruianese_Tying_Method\output\jie_yong_ki\book_ocr\page_500.tsv	170	0	80	32.69	62	review	low_confidence
501	D:\瑞安文化研究\Ruianese\張永愷書之圖\瑞安方言读音字典 (张永恺) (Z-Library)_2_页面_501.png	D:\瑞安文化研究\Ruianese\Ruianese_upload\Ruianese_Tying_Method\output\jie_yong_ki\book_ocr\page_501.txt	D:\瑞安文化研究\Ruianese\Ruianese_upload\Ruianese_Tying_Method\output\jie_yong_ki\book_ocr\page_501.tsv	199	12	79	31.77	55	review	low_confidence
502	D:\瑞安文化研究\Ruianese\張永愷書之圖\瑞安方言读音字典 (张永恺) (Z-Library)_2_页面_502.png	D:\瑞安文化研究\Ruianese\Ruianese_upload\Ruianese_Tying_Method\output\jie_yong_ki\book_ocr\page_502.txt	D:\瑞安文化研究\Ruianese\Ruianese_upload\Ruianese_Tying_Method\output\jie_yong_ki\book_ocr\page_502.tsv	258	10	85	26.20	64	review	low_confidence
503	D:\瑞安文化研究\Ruianese\張永愷書之圖\瑞安方言读音字典 (张永恺) (Z-Library)_2_页面_503.png	D:\瑞安文化研究\Ruianese\Ruianese_upload\Ruianese_Tying_Method\output\jie_yong_ki\book_ocr\page_503.txt	D:\瑞安文化研究\Ruianese\Ruianese_upload\Ruianese_Tying_Method\output\jie_yong_ki\book_ocr\page_503.tsv	260	1	88	34.37	58	review	low_confidence
504	D:\瑞安文化研究\Ruianese\張永愷書之圖\瑞安方言读音字典 (张永恺) (Z-Library)_2_页面_504.png	D:\瑞安文化研究\Ruianese\Ruianese_upload\Ruianese_Tying_Method\output\jie_yong_ki\book_ocr\page_504.txt	D:\瑞安文化研究\Ruianese\Ruianese_upload\Ruianese_Tying_Method\output\jie_yong_ki\book_ocr\page_504.tsv	243	0	77	31.70	54	review	low_confidence
505	D:\瑞安文化研究\Ruianese\張永愷書之圖\瑞安方言读音字典 (张永恺) (Z-Library)_2_页面_505.png	D:\瑞安文化研究\Ruianese\Ruianese_upload\Ruianese_Tying_Method\output\jie_yong_ki\book_ocr\page_505.txt	D:\瑞安文化研究\Ruianese\Ruianese_upload\Ruianese_Tying_Method\output\jie_yong_ki\book_ocr\page_505.tsv	214	1	59	32.48	41	review	low_confidence
506	D:\瑞安文化研究\Ruianese\張永愷書之圖\瑞安方言读音字典 (张永恺) (Z-Library)_2_页面_506.png	D:\瑞安文化研究\Ruianese\Ruianese_upload\Ruianese_Tying_Method\output\jie_yong_ki\book_ocr\page_506.txt	D:\瑞安文化研究\Ruianese\Ruianese_upload\Ruianese_Tying_Method\output\jie_yong_ki\book_ocr\page_506.tsv	234	10	107	31.59	80	review	low_confidence
507	D:\瑞安文化研究\Ruianese\張永愷書之圖\瑞安方言读音字典 (张永恺) (Z-Library)_2_页面_507.png	D:\瑞安文化研究\Ruianese\Ruianese_upload\Ruianese_Tying_Method\output\jie_yong_ki\book_ocr\page_507.txt	D:\瑞安文化研究\Ruianese\Ruianese_upload\Ruianese_Tying_Method\output\jie_yong_ki\book_ocr\page_507.tsv	360	13	150	30.35	117	review	low_confidence
508	D:\瑞安文化研究\Ruianese\張永愷書之圖\瑞安方言读音字典 (张永恺) (Z-Library)_2_页面_508.png	D:\瑞安文化研究\Ruianese\Ruianese_upload\Ruianese_Tying_Method\output\jie_yong_ki\book_ocr\page_508.txt	D:\瑞安文化研究\Ruianese\Ruianese_upload\Ruianese_Tying_Method\output\jie_yong_ki\book_ocr\page_508.tsv	302	12	127	37.67	78	review	low_confidence
509	D:\瑞安文化研究\Ruianese\張永愷書之圖\瑞安方言读音字典 (张永恺) (Z-Library)_2_页面_509.png	D:\瑞安文化研究\Ruianese\Ruianese_upload\Ruianese_Tying_Method\output\jie_yong_ki\book_ocr\page_509.txt	D:\瑞安文化研究\Ruianese\Ruianese_upload\Ruianese_Tying_Method\output\jie_yong_ki\book_ocr\page_509.tsv	369	19	194	43.27	102	review	low_confidence
510	D:\瑞安文化研究\Ruianese\張永愷書之圖\瑞安方言读音字典 (张永恺) (Z-Library)_2_页面_510.png	D:\瑞安文化研究\Ruianese\Ruianese_upload\Ruianese_Tying_Method\output\jie_yong_ki\book_ocr\page_510.txt	D:\瑞安文化研究\Ruianese\Ruianese_upload\Ruianese_Tying_Method\output\jie_yong_ki\book_ocr\page_510.tsv	166	19	109	42.56	59	review	low_confidence
511	D:\瑞安文化研究\Ruianese\張永愷書之圖\瑞安方言读音字典 (张永恺) (Z-Library)_2_页面_511.png	D:\瑞安文化研究\Ruianese\Ruianese_upload\Ruianese_Tying_Method\output\jie_yong_ki\book_ocr\page_511.txt	D:\瑞安文化研究\Ruianese\Ruianese_upload\Ruianese_Tying_Method\output\jie_yong_ki\book_ocr\page_511.tsv	90	5	52	38.81	30	review	low_confidence
512	D:\瑞安文化研究\Ruianese\張永愷書之圖\瑞安方言读音字典 (张永恺) (Z-Library)_2_页面_512.png	D:\瑞安文化研究\Ruianese\Ruianese_upload\Ruianese_Tying_Method\output\jie_yong_ki\book_ocr\page_512.txt	D:\瑞安文化研究\Ruianese\Ruianese_upload\Ruianese_Tying_Method\output\jie_yong_ki\book_ocr\page_512.tsv	205	10	109	37.51	72	review	low_confidence
513	D:\瑞安文化研究\Ruianese\張永愷書之圖\瑞安方言读音字典 (张永恺) (Z-Library)_2_页面_513.png	D:\瑞安文化研究\Ruianese\Ruianese_upload\Ruianese_Tying_Method\output\jie_yong_ki\book_ocr\page_513.txt	D:\瑞安文化研究\Ruianese\Ruianese_upload\Ruianese_Tying_Method\output\jie_yong_ki\book_ocr\page_513.tsv	123	7	74	46.53	36	ok	
514	D:\瑞安文化研究\Ruianese\張永愷書之圖\瑞安方言读音字典 (张永恺) (Z-Library)_2_页面_514.png	D:\瑞安文化研究\Ruianese\Ruianese_upload\Ruianese_Tying_Method\output\jie_yong_ki\book_ocr\page_514.txt	D:\瑞安文化研究\Ruianese\Ruianese_upload\Ruianese_Tying_Method\output\jie_yong_ki\book_ocr\page_514.tsv	244	19	144	44.12	76	review	low_confidence
515	D:\瑞安文化研究\Ruianese\張永愷書之圖\瑞安方言读音字典 (张永恺) (Z-Library)_2_页面_515.png	D:\瑞安文化研究\Ruianese\Ruianese_upload\Ruianese_Tying_Method\output\jie_yong_ki\book_ocr\page_515.txt	D:\瑞安文化研究\Ruianese\Ruianese_upload\Ruianese_Tying_Method\output\jie_yong_ki\book_ocr\page_515.tsv	210	15	124	45.17	66	ok	
516	D:\瑞安文化研究\Ruianese\張永愷書之圖\瑞安方言读音字典 (张永恺) (Z-Library)_2_页面_516.png	D:\瑞安文化研究\Ruianese\Ruianese_upload\Ruianese_Tying_Method\output\jie_yong_ki\book_ocr\page_516.txt	D:\瑞安文化研究\Ruianese\Ruianese_upload\Ruianese_Tying_Method\output\jie_yong_ki\book_ocr\page_516.tsv	126	6	66	36.87	38	review	low_confidence
517	D:\瑞安文化研究\Ruianese\張永愷書之圖\瑞安方言读音字典 (张永恺) (Z-Library)_2_页面_517.png	D:\瑞安文化研究\Ruianese\Ruianese_upload\Ruianese_Tying_Method\output\jie_yong_ki\book_ocr\page_517.txt	D:\瑞安文化研究\Ruianese\Ruianese_upload\Ruianese_Tying_Method\output\jie_yong_ki\book_ocr\page_517.tsv	164	13	117	44.85	65	review	low_confidence
518	D:\瑞安文化研究\Ruianese\張永愷書之圖\瑞安方言读音字典 (张永恺) (Z-Library)_2_页面_518.png	D:\瑞安文化研究\Ruianese\Ruianese_upload\Ruianese_Tying_Method\output\jie_yong_ki\book_ocr\page_518.txt	D:\瑞安文化研究\Ruianese\Ruianese_upload\Ruianese_Tying_Method\output\jie_yong_ki\book_ocr\page_518.tsv	170	6	97	43.58	51	review	low_confidence
519	D:\瑞安文化研究\Ruianese\張永愷書之圖\瑞安方言读音字典 (张永恺) (Z-Library)_2_页面_519.png	D:\瑞安文化研究\Ruianese\Ruianese_upload\Ruianese_Tying_Method\output\jie_yong_ki\book_ocr\page_519.txt	D:\瑞安文化研究\Ruianese\Ruianese_upload\Ruianese_Tying_Method\output\jie_yong_ki\book_ocr\page_519.tsv	141	18	81	37.03	48	review	low_confidence
520	D:\瑞安文化研究\Ruianese\張永愷書之圖\瑞安方言读音字典 (张永恺) (Z-Library)_2_页面_520.png	D:\瑞安文化研究\Ruianese\Ruianese_upload\Ruianese_Tying_Method\output\jie_yong_ki\book_ocr\page_520.txt	D:\瑞安文化研究\Ruianese\Ruianese_upload\Ruianese_Tying_Method\output\jie_yong_ki\book_ocr\page_520.tsv	208	14	116	43.12	56	review	low_confidence
521	D:\瑞安文化研究\Ruianese\張永愷書之圖\瑞安方言读音字典 (张永恺) (Z-Library)_2_页面_521.png	D:\瑞安文化研究\Ruianese\Ruianese_upload\Ruianese_Tying_Method\output\jie_yong_ki\book_ocr\page_521.txt	D:\瑞安文化研究\Ruianese\Ruianese_upload\Ruianese_Tying_Method\output\jie_yong_ki\book_ocr\page_521.tsv	244	7	123	40.43	74	review	low_confidence
522	D:\瑞安文化研究\Ruianese\張永愷書之圖\瑞安方言读音字典 (张永恺) (Z-Library)_2_页面_522.png	D:\瑞安文化研究\Ruianese\Ruianese_upload\Ruianese_Tying_Method\output\jie_yong_ki\book_ocr\page_522.txt	D:\瑞安文化研究\Ruianese\Ruianese_upload\Ruianese_Tying_Method\output\jie_yong_ki\book_ocr\page_522.tsv	107	5	62	47.83	28	ok	
523	D:\瑞安文化研究\Ruianese\張永愷書之圖\瑞安方言读音字典 (张永恺) (Z-Library)_2_页面_523.png	D:\瑞安文化研究\Ruianese\Ruianese_upload\Ruianese_Tying_Method\output\jie_yong_ki\book_ocr\page_523.txt	D:\瑞安文化研究\Ruianese\Ruianese_upload\Ruianese_Tying_Method\output\jie_yong_ki\book_ocr\page_523.tsv	146	8	94	43.12	59	review	low_confidence
524	D:\瑞安文化研究\Ruianese\張永愷書之圖\瑞安方言读音字典 (张永恺) (Z-Library)_2_页面_524.png	D:\瑞安文化研究\Ruianese\Ruianese_upload\Ruianese_Tying_Method\output\jie_yong_ki\book_ocr\page_524.txt	D:\瑞安文化研究\Ruianese\Ruianese_upload\Ruianese_Tying_Method\output\jie_yong_ki\book_ocr\page_524.tsv	140	16	89	40.52	54	review	low_confidence
525	D:\瑞安文化研究\Ruianese\張永愷書之圖\瑞安方言读音字典 (张永恺) (Z-Library)_2_页面_525.png	D:\瑞安文化研究\Ruianese\Ruianese_upload\Ruianese_Tying_Method\output\jie_yong_ki\book_ocr\page_525.txt	D:\瑞安文化研究\Ruianese\Ruianese_upload\Ruianese_Tying_Method\output\jie_yong_ki\book_ocr\page_525.tsv	110	3	70	50.71	31	ok	
526	D:\瑞安文化研究\Ruianese\張永愷書之圖\瑞安方言读音字典 (张永恺) (Z-Library)_2_页面_526.png	D:\瑞安文化研究\Ruianese\Ruianese_upload\Ruianese_Tying_Method\output\jie_yong_ki\book_ocr\page_526.txt	D:\瑞安文化研究\Ruianese\Ruianese_upload\Ruianese_Tying_Method\output\jie_yong_ki\book_ocr\page_526.tsv	80	7	49	39.65	29	review	low_confidence
527	D:\瑞安文化研究\Ruianese\張永愷書之圖\瑞安方言读音字典 (张永恺) (Z-Library)_2_页面_527.png	D:\瑞安文化研究\Ruianese\Ruianese_upload\Ruianese_Tying_Method\output\jie_yong_ki\book_ocr\page_527.txt	D:\瑞安文化研究\Ruianese\Ruianese_upload\Ruianese_Tying_Method\output\jie_yong_ki\book_ocr\page_527.tsv	155	3	99	45.22	48	ok	
528	D:\瑞安文化研究\Ruianese\張永愷書之圖\瑞安方言读音字典 (张永恺) (Z-Library)_2_页面_528.png	D:\瑞安文化研究\Ruianese\Ruianese_upload\Ruianese_Tying_Method\output\jie_yong_ki\book_ocr\page_528.txt	D:\瑞安文化研究\Ruianese\Ruianese_upload\Ruianese_Tying_Method\output\jie_yong_ki\book_ocr\page_528.tsv	113	2	67	49.13	30	ok	
529	D:\瑞安文化研究\Ruianese\張永愷書之圖\瑞安方言读音字典 (张永恺) (Z-Library)_2_页面_529.png	D:\瑞安文化研究\Ruianese\Ruianese_upload\Ruianese_Tying_Method\output\jie_yong_ki\book_ocr\page_529.txt	D:\瑞安文化研究\Ruianese\Ruianese_upload\Ruianese_Tying_Method\output\jie_yong_ki\book_ocr\page_529.tsv	156	10	90	39.59	55	review	low_confidence
530	D:\瑞安文化研究\Ruianese\張永愷書之圖\瑞安方言读音字典 (张永恺) (Z-Library)_2_页面_530.png	D:\瑞安文化研究\Ruianese\Ruianese_upload\Ruianese_Tying_Method\output\jie_yong_ki\book_ocr\page_530.txt	D:\瑞安文化研究\Ruianese\Ruianese_upload\Ruianese_Tying_Method\output\jie_yong_ki\book_ocr\page_530.tsv	171	8	95	34.29	62	review	low_confidence
531	D:\瑞安文化研究\Ruianese\張永愷書之圖\瑞安方言读音字典 (张永恺) (Z-Library)_2_页面_531.png	D:\瑞安文化研究\Ruianese\Ruianese_upload\Ruianese_Tying_Method\output\jie_yong_ki\book_ocr\page_531.txt	D:\瑞安文化研究\Ruianese\Ruianese_upload\Ruianese_Tying_Method\output\jie_yong_ki\book_ocr\page_531.tsv	101	5	63	44.02	37	review	low_confidence
532	D:\瑞安文化研究\Ruianese\張永愷書之圖\瑞安方言读音字典 (张永恺) (Z-Library)_2_页面_532.png	D:\瑞安文化研究\Ruianese\Ruianese_upload\Ruianese_Tying_Method\output\jie_yong_ki\book_ocr\page_532.txt	D:\瑞安文化研究\Ruianese\Ruianese_upload\Ruianese_Tying_Method\output\jie_yong_ki\book_ocr\page_532.tsv	105	8	69	50.27	30	ok	
533	D:\瑞安文化研究\Ruianese\張永愷書之圖\瑞安方言读音字典 (张永恺) (Z-Library)_2_页面_533.png	D:\瑞安文化研究\Ruianese\Ruianese_upload\Ruianese_Tying_Method\output\jie_yong_ki\book_ocr\page_533.txt	D:\瑞安文化研究\Ruianese\Ruianese_upload\Ruianese_Tying_Method\output\jie_yong_ki\book_ocr\page_533.tsv	133	8	85	47.66	45	ok	
534	D:\瑞安文化研究\Ruianese\張永愷書之圖\瑞安方言读音字典 (张永恺) (Z-Library)_2_页面_534.png	D:\瑞安文化研究\Ruianese\Ruianese_upload\Ruianese_Tying_Method\output\jie_yong_ki\book_ocr\page_534.txt	D:\瑞安文化研究\Ruianese\Ruianese_upload\Ruianese_Tying_Method\output\jie_yong_ki\book_ocr\page_534.tsv	115	5	65	38.37	41	review	low_confidence
535	D:\瑞安文化研究\Ruianese\張永愷書之圖\瑞安方言读音字典 (张永恺) (Z-Library)_2_页面_535.png	D:\瑞安文化研究\Ruianese\Ruianese_upload\Ruianese_Tying_Method\output\jie_yong_ki\book_ocr\page_535.txt	D:\瑞安文化研究\Ruianese\Ruianese_upload\Ruianese_Tying_Method\output\jie_yong_ki\book_ocr\page_535.tsv	110	2	64	48.62	28	ok	
536	D:\瑞安文化研究\Ruianese\張永愷書之圖\瑞安方言读音字典 (张永恺) (Z-Library)_2_页面_536.png	D:\瑞安文化研究\Ruianese\Ruianese_upload\Ruianese_Tying_Method\output\jie_yong_ki\book_ocr\page_536.txt	D:\瑞安文化研究\Ruianese\Ruianese_upload\Ruianese_Tying_Method\output\jie_yong_ki\book_ocr\page_536.tsv	127	2	62	33.56	39	review	low_confidence
537	D:\瑞安文化研究\Ruianese\張永愷書之圖\瑞安方言读音字典 (张永恺) (Z-Library)_2_页面_537.png	D:\瑞安文化研究\Ruianese\Ruianese_upload\Ruianese_Tying_Method\output\jie_yong_ki\book_ocr\page_537.txt	D:\瑞安文化研究\Ruianese\Ruianese_upload\Ruianese_Tying_Method\output\jie_yong_ki\book_ocr\page_537.tsv	22	1	12	39.94	5	review	short_text,low_confidence
538	D:\瑞安文化研究\Ruianese\張永愷書之圖\瑞安方言读音字典 (张永恺) (Z-Library)_2_页面_538.png	D:\瑞安文化研究\Ruianese\Ruianese_upload\Ruianese_Tying_Method\output\jie_yong_ki\book_ocr\page_538.txt	D:\瑞安文化研究\Ruianese\Ruianese_upload\Ruianese_Tying_Method\output\jie_yong_ki\book_ocr\page_538.tsv	35	0	15	26.16	10	review	short_text,low_confidence
539	D:\瑞安文化研究\Ruianese\張永愷書之圖\瑞安方言读音字典 (张永恺) (Z-Library)_2_页面_539.png	D:\瑞安文化研究\Ruianese\Ruianese_upload\Ruianese_Tying_Method\output\jie_yong_ki\book_ocr\page_539.txt	D:\瑞安文化研究\Ruianese\Ruianese_upload\Ruianese_Tying_Method\output\jie_yong_ki\book_ocr\page_539.tsv	80	1	44	50.32	20	ok	
540	D:\瑞安文化研究\Ruianese\張永愷書之圖\瑞安方言读音字典 (张永恺) (Z-Library)_2_页面_540.png	D:\瑞安文化研究\Ruianese\Ruianese_upload\Ruianese_Tying_Method\output\jie_yong_ki\book_ocr\page_540.txt	D:\瑞安文化研究\Ruianese\Ruianese_upload\Ruianese_Tying_Method\output\jie_yong_ki\book_ocr\page_540.tsv	550	478	370	87.86	16	ok	
541	D:\瑞安文化研究\Ruianese\張永愷書之圖\瑞安方言读音字典 (张永恺) (Z-Library)_2_页面_541.png	D:\瑞安文化研究\Ruianese\Ruianese_upload\Ruianese_Tying_Method\output\jie_yong_ki\book_ocr\page_541.txt	D:\瑞安文化研究\Ruianese\Ruianese_upload\Ruianese_Tying_Method\output\jie_yong_ki\book_ocr\page_541.tsv	778	501	488	80.49	64	ok	
542	D:\瑞安文化研究\Ruianese\張永愷書之圖\瑞安方言读音字典 (张永恺) (Z-Library)_2_页面_542.png	D:\瑞安文化研究\Ruianese\Ruianese_upload\Ruianese_Tying_Method\output\jie_yong_ki\book_ocr\page_542.txt	D:\瑞安文化研究\Ruianese\Ruianese_upload\Ruianese_Tying_Method\output\jie_yong_ki\book_ocr\page_542.tsv	256	197	172	84.80	13	ok	
543	D:\瑞安文化研究\Ruianese\張永愷書之圖\瑞安方言读音字典 (张永恺) (Z-Library)_2_页面_543.png	D:\瑞安文化研究\Ruianese\Ruianese_upload\Ruianese_Tying_Method\output\jie_yong_ki\book_ocr\page_543.txt	D:\瑞安文化研究\Ruianese\Ruianese_upload\Ruianese_Tying_Method\output\jie_yong_ki\book_ocr\page_543.tsv	545	497	407	88.62	16	ok	
544	D:\瑞安文化研究\Ruianese\張永愷書之圖\瑞安方言读音字典 (张永恺) (Z-Library)_2_页面_544.png	D:\瑞安文化研究\Ruianese\Ruianese_upload\Ruianese_Tying_Method\output\jie_yong_ki\book_ocr\page_544.txt	D:\瑞安文化研究\Ruianese\Ruianese_upload\Ruianese_Tying_Method\output\jie_yong_ki\book_ocr\page_544.tsv	220	149	153	80.34	20	ok	
545	D:\瑞安文化研究\Ruianese\張永愷書之圖\瑞安方言读音字典 (张永恺) (Z-Library)_2_页面_545.png	D:\瑞安文化研究\Ruianese\Ruianese_upload\Ruianese_Tying_Method\output\jie_yong_ki\book_ocr\page_545.txt	D:\瑞安文化研究\Ruianese\Ruianese_upload\Ruianese_Tying_Method\output\jie_yong_ki\book_ocr\page_545.tsv	205	93	121	73.54	22	ok	
546	D:\瑞安文化研究\Ruianese\張永愷書之圖\瑞安方言读音字典 (张永恺) (Z-Library)_2_页面_546.png	D:\瑞安文化研究\Ruianese\Ruianese_upload\Ruianese_Tying_Method\output\jie_yong_ki\book_ocr\page_546.txt	D:\瑞安文化研究\Ruianese\Ruianese_upload\Ruianese_Tying_Method\output\jie_yong_ki\book_ocr\page_546.tsv	204	132	143	79.02	22	ok	
547	D:\瑞安文化研究\Ruianese\張永愷書之圖\瑞安方言读音字典 (张永恺) (Z-Library)_2_页面_547.png	D:\瑞安文化研究\Ruianese\Ruianese_upload\Ruianese_Tying_Method\output\jie_yong_ki\book_ocr\page_547.txt	D:\瑞安文化研究\Ruianese\Ruianese_upload\Ruianese_Tying_Method\output\jie_yong_ki\book_ocr\page_547.tsv	481	288	297	78.60	45	ok	
548	D:\瑞安文化研究\Ruianese\張永愷書之圖\瑞安方言读音字典 (张永恺) (Z-Library)_2_页面_548.png	D:\瑞安文化研究\Ruianese\Ruianese_upload\Ruianese_Tying_Method\output\jie_yong_ki\book_ocr\page_548.txt	D:\瑞安文化研究\Ruianese\Ruianese_upload\Ruianese_Tying_Method\output\jie_yong_ki\book_ocr\page_548.tsv	183	43	85	67.55	19	ok	
549	D:\瑞安文化研究\Ruianese\張永愷書之圖\瑞安方言读音字典 (张永恺) (Z-Library)_2_页面_549.png	D:\瑞安文化研究\Ruianese\Ruianese_upload\Ruianese_Tying_Method\output\jie_yong_ki\book_ocr\page_549.txt	D:\瑞安文化研究\Ruianese\Ruianese_upload\Ruianese_Tying_Method\output\jie_yong_ki\book_ocr\page_549.tsv	462	237	282	78.16	38	ok	
550	D:\瑞安文化研究\Ruianese\張永愷書之圖\瑞安方言读音字典 (张永恺) (Z-Library)_2_页面_550.png	D:\瑞安文化研究\Ruianese\Ruianese_upload\Ruianese_Tying_Method\output\jie_yong_ki\book_ocr\page_550.txt	D:\瑞安文化研究\Ruianese\Ruianese_upload\Ruianese_Tying_Method\output\jie_yong_ki\book_ocr\page_550.tsv	507	295	323	81.97	25	ok	
551	D:\瑞安文化研究\Ruianese\張永愷書之圖\瑞安方言读音字典 (张永恺) (Z-Library)_2_页面_551.png	D:\瑞安文化研究\Ruianese\Ruianese_upload\Ruianese_Tying_Method\output\jie_yong_ki\book_ocr\page_551.txt	D:\瑞安文化研究\Ruianese\Ruianese_upload\Ruianese_Tying_Method\output\jie_yong_ki\book_ocr\page_551.tsv	307	45	111	68.49	25	ok	
552	D:\瑞安文化研究\Ruianese\張永愷書之圖\瑞安方言读音字典 (张永恺) (Z-Library)_2_页面_552.png	D:\瑞安文化研究\Ruianese\Ruianese_upload\Ruianese_Tying_Method\output\jie_yong_ki\book_ocr\page_552.txt	D:\瑞安文化研究\Ruianese\Ruianese_upload\Ruianese_Tying_Method\output\jie_yong_ki\book_ocr\page_552.tsv	232	55	109	68.59	23	ok	
553	D:\瑞安文化研究\Ruianese\張永愷書之圖\瑞安方言读音字典 (张永恺) (Z-Library)_2_页面_553.png	D:\瑞安文化研究\Ruianese\Ruianese_upload\Ruianese_Tying_Method\output\jie_yong_ki\book_ocr\page_553.txt	D:\瑞安文化研究\Ruianese\Ruianese_upload\Ruianese_Tying_Method\output\jie_yong_ki\book_ocr\page_553.tsv	350	82	152	71.56	30	ok	
554	D:\瑞安文化研究\Ruianese\張永愷書之圖\瑞安方言读音字典 (张永恺) (Z-Library)_2_页面_554.png	D:\瑞安文化研究\Ruianese\Ruianese_upload\Ruianese_Tying_Method\output\jie_yong_ki\book_ocr\page_554.txt	D:\瑞安文化研究\Ruianese\Ruianese_upload\Ruianese_Tying_Method\output\jie_yong_ki\book_ocr\page_554.tsv	296	28	110	59.65	38	ok	
555	D:\瑞安文化研究\Ruianese\張永愷書之圖\瑞安方言读音字典 (张永恺) (Z-Library)_2_页面_555.png	D:\瑞安文化研究\Ruianese\Ruianese_upload\Ruianese_Tying_Method\output\jie_yong_ki\book_ocr\page_555.txt	D:\瑞安文化研究\Ruianese\Ruianese_upload\Ruianese_Tying_Method\output\jie_yong_ki\book_ocr\page_555.tsv	313	85	52	69.77	9	ok	
556	D:\瑞安文化研究\Ruianese\張永愷書之圖\瑞安方言读音字典 (张永恺) (Z-Library)_2_页面_556.png	D:\瑞安文化研究\Ruianese\Ruianese_upload\Ruianese_Tying_Method\output\jie_yong_ki\book_ocr\page_556.txt	D:\瑞安文化研究\Ruianese\Ruianese_upload\Ruianese_Tying_Method\output\jie_yong_ki\book_ocr\page_556.tsv	375	31	137	66.51	33	ok	
557	D:\瑞安文化研究\Ruianese\張永愷書之圖\瑞安方言读音字典 (张永恺) (Z-Library)_2_页面_557.png	D:\瑞安文化研究\Ruianese\Ruianese_upload\Ruianese_Tying_Method\output\jie_yong_ki\book_ocr\page_557.txt	D:\瑞安文化研究\Ruianese\Ruianese_upload\Ruianese_Tying_Method\output\jie_yong_ki\book_ocr\page_557.tsv	355	84	157	70.66	29	ok	
558	D:\瑞安文化研究\Ruianese\張永愷書之圖\瑞安方言读音字典 (张永恺) (Z-Library)_2_页面_558.png	D:\瑞安文化研究\Ruianese\Ruianese_upload\Ruianese_Tying_Method\output\jie_yong_ki\book_ocr\page_558.txt	D:\瑞安文化研究\Ruianese\Ruianese_upload\Ruianese_Tying_Method\output\jie_yong_ki\book_ocr\page_558.tsv	287	38	115	68.29	22	ok	
559	D:\瑞安文化研究\Ruianese\張永愷書之圖\瑞安方言读音字典 (张永恺) (Z-Library)_2_页面_559.png	D:\瑞安文化研究\Ruianese\Ruianese_upload\Ruianese_Tying_Method\output\jie_yong_ki\book_ocr\page_559.txt	D:\瑞安文化研究\Ruianese\Ruianese_upload\Ruianese_Tying_Method\output\jie_yong_ki\book_ocr\page_559.tsv	465	40	151	67.43	34	ok	
560	D:\瑞安文化研究\Ruianese\張永愷書之圖\瑞安方言读音字典 (张永恺) (Z-Library)_2_页面_560.png	D:\瑞安文化研究\Ruianese\Ruianese_upload\Ruianese_Tying_Method\output\jie_yong_ki\book_ocr\page_560.txt	D:\瑞安文化研究\Ruianese\Ruianese_upload\Ruianese_Tying_Method\output\jie_yong_ki\book_ocr\page_560.tsv	505	71	194	68.22	46	ok	
561	D:\瑞安文化研究\Ruianese\張永愷書之圖\瑞安方言读音字典 (张永恺) (Z-Library)_2_页面_561.png	D:\瑞安文化研究\Ruianese\Ruianese_upload\Ruianese_Tying_Method\output\jie_yong_ki\book_ocr\page_561.txt	D:\瑞安文化研究\Ruianese\Ruianese_upload\Ruianese_Tying_Method\output\jie_yong_ki\book_ocr\page_561.tsv	556	49	174	58.65	65	ok	
562	D:\瑞安文化研究\Ruianese\張永愷書之圖\瑞安方言读音字典 (张永恺) (Z-Library)_2_页面_562.png	D:\瑞安文化研究\Ruianese\Ruianese_upload\Ruianese_Tying_Method\output\jie_yong_ki\book_ocr\page_562.txt	D:\瑞安文化研究\Ruianese\Ruianese_upload\Ruianese_Tying_Method\output\jie_yong_ki\book_ocr\page_562.tsv	448	31	144	63.54	41	ok	
563	D:\瑞安文化研究\Ruianese\張永愷書之圖\瑞安方言读音字典 (张永恺) (Z-Library)_2_页面_563.png	D:\瑞安文化研究\Ruianese\Ruianese_upload\Ruianese_Tying_Method\output\jie_yong_ki\book_ocr\page_563.txt	D:\瑞安文化研究\Ruianese\Ruianese_upload\Ruianese_Tying_Method\output\jie_yong_ki\book_ocr\page_563.tsv	364	46	125	71.06	21	ok	
564	D:\瑞安文化研究\Ruianese\張永愷書之圖\瑞安方言读音字典 (张永恺) (Z-Library)_2_页面_564.png	D:\瑞安文化研究\Ruianese\Ruianese_upload\Ruianese_Tying_Method\output\jie_yong_ki\book_ocr\page_564.txt	D:\瑞安文化研究\Ruianese\Ruianese_upload\Ruianese_Tying_Method\output\jie_yong_ki\book_ocr\page_564.tsv	479	32	137	60.71	39	ok	
565	D:\瑞安文化研究\Ruianese\張永愷書之圖\瑞安方言读音字典 (张永恺) (Z-Library)_2_页面_565.png	D:\瑞安文化研究\Ruianese\Ruianese_upload\Ruianese_Tying_Method\output\jie_yong_ki\book_ocr\page_565.txt	D:\瑞安文化研究\Ruianese\Ruianese_upload\Ruianese_Tying_Method\output\jie_yong_ki\book_ocr\page_565.tsv	599	49	240	64.00	63	ok	
566	D:\瑞安文化研究\Ruianese\張永愷書之圖\瑞安方言读音字典 (张永恺) (Z-Library)_2_页面_566.png	D:\瑞安文化研究\Ruianese\Ruianese_upload\Ruianese_Tying_Method\output\jie_yong_ki\book_ocr\page_566.txt	D:\瑞安文化研究\Ruianese\Ruianese_upload\Ruianese_Tying_Method\output\jie_yong_ki\book_ocr\page_566.tsv	414	344	321	83.39	19	ok	
567	D:\瑞安文化研究\Ruianese\張永愷書之圖\瑞安方言读音字典 (张永恺) (Z-Library)_2_页面_567.png	D:\瑞安文化研究\Ruianese\Ruianese_upload\Ruianese_Tying_Method\output\jie_yong_ki\book_ocr\page_567.txt	D:\瑞安文化研究\Ruianese\Ruianese_upload\Ruianese_Tying_Method\output\jie_yong_ki\book_ocr\page_567.tsv	341	172	197	75.10	40	ok	
568	D:\瑞安文化研究\Ruianese\張永愷書之圖\瑞安方言读音字典 (张永恺) (Z-Library)_2_页面_568.png	D:\瑞安文化研究\Ruianese\Ruianese_upload\Ruianese_Tying_Method\output\jie_yong_ki\book_ocr\page_568.txt	D:\瑞安文化研究\Ruianese\Ruianese_upload\Ruianese_Tying_Method\output\jie_yong_ki\book_ocr\page_568.tsv	239	149	164	78.44	22	ok	
569	D:\瑞安文化研究\Ruianese\張永愷書之圖\瑞安方言读音字典 (张永恺) (Z-Library)_2_页面_569.png	D:\瑞安文化研究\Ruianese\Ruianese_upload\Ruianese_Tying_Method\output\jie_yong_ki\book_ocr\page_569.txt	D:\瑞安文化研究\Ruianese\Ruianese_upload\Ruianese_Tying_Method\output\jie_yong_ki\book_ocr\page_569.tsv	285	192	203	80.40	24	ok	
570	D:\瑞安文化研究\Ruianese\張永愷書之圖\瑞安方言读音字典 (张永恺) (Z-Library)_2_页面_570.png	D:\瑞安文化研究\Ruianese\Ruianese_upload\Ruianese_Tying_Method\output\jie_yong_ki\book_ocr\page_570.txt	D:\瑞安文化研究\Ruianese\Ruianese_upload\Ruianese_Tying_Method\output\jie_yong_ki\book_ocr\page_570.tsv	289	24	72	54.08	33	ok	
571	D:\瑞安文化研究\Ruianese\張永愷書之圖\瑞安方言读音字典 (张永恺) (Z-Library)_2_页面_571.png	D:\瑞安文化研究\Ruianese\Ruianese_upload\Ruianese_Tying_Method\output\jie_yong_ki\book_ocr\page_571.txt	D:\瑞安文化研究\Ruianese\Ruianese_upload\Ruianese_Tying_Method\output\jie_yong_ki\book_ocr\page_571.tsv	561	119	255	71.64	46	ok	
572	D:\瑞安文化研究\Ruianese\張永愷書之圖\瑞安方言读音字典 (张永恺) (Z-Library)_2_页面_572.png	D:\瑞安文化研究\Ruianese\Ruianese_upload\Ruianese_Tying_Method\output\jie_yong_ki\book_ocr\page_572.txt	D:\瑞安文化研究\Ruianese\Ruianese_upload\Ruianese_Tying_Method\output\jie_yong_ki\book_ocr\page_572.tsv	395	81	182	69.64	40	ok	
573	D:\瑞安文化研究\Ruianese\張永愷書之圖\瑞安方言读音字典 (张永恺) (Z-Library)_2_页面_573.png	D:\瑞安文化研究\Ruianese\Ruianese_upload\Ruianese_Tying_Method\output\jie_yong_ki\book_ocr\page_573.txt	D:\瑞安文化研究\Ruianese\Ruianese_upload\Ruianese_Tying_Method\output\jie_yong_ki\book_ocr\page_573.tsv	487	82	208	70.52	44	ok	
574	D:\瑞安文化研究\Ruianese\張永愷書之圖\瑞安方言读音字典 (张永恺) (Z-Library)_2_页面_574.png	D:\瑞安文化研究\Ruianese\Ruianese_upload\Ruianese_Tying_Method\output\jie_yong_ki\book_ocr\page_574.txt	D:\瑞安文化研究\Ruianese\Ruianese_upload\Ruianese_Tying_Method\output\jie_yong_ki\book_ocr\page_574.tsv	415	59	170	73.28	23	ok	
575	D:\瑞安文化研究\Ruianese\張永愷書之圖\瑞安方言读音字典 (张永恺) (Z-Library)_2_页面_575.png	D:\瑞安文化研究\Ruianese\Ruianese_upload\Ruianese_Tying_Method\output\jie_yong_ki\book_ocr\page_575.txt	D:\瑞安文化研究\Ruianese\Ruianese_upload\Ruianese_Tying_Method\output\jie_yong_ki\book_ocr\page_575.tsv	582	157	257	70.36	58	ok	
576	D:\瑞安文化研究\Ruianese\張永愷書之圖\瑞安方言读音字典 (张永恺) (Z-Library)_2_页面_576.png	D:\瑞安文化研究\Ruianese\Ruianese_upload\Ruianese_Tying_Method\output\jie_yong_ki\book_ocr\page_576.txt	D:\瑞安文化研究\Ruianese\Ruianese_upload\Ruianese_Tying_Method\output\jie_yong_ki\book_ocr\page_576.tsv	412	56	159	66.81	37	ok	
577	D:\瑞安文化研究\Ruianese\張永愷書之圖\瑞安方言读音字典 (张永恺) (Z-Library)_2_页面_577.png	D:\瑞安文化研究\Ruianese\Ruianese_upload\Ruianese_Tying_Method\output\jie_yong_ki\book_ocr\page_577.txt	D:\瑞安文化研究\Ruianese\Ruianese_upload\Ruianese_Tying_Method\output\jie_yong_ki\book_ocr\page_577.tsv	484	110	228	69.96	47	ok	
578	D:\瑞安文化研究\Ruianese\張永愷書之圖\瑞安方言读音字典 (张永恺) (Z-Library)_2_页面_578.png	D:\瑞安文化研究\Ruianese\Ruianese_upload\Ruianese_Tying_Method\output\jie_yong_ki\book_ocr\page_578.txt	D:\瑞安文化研究\Ruianese\Ruianese_upload\Ruianese_Tying_Method\output\jie_yong_ki\book_ocr\page_578.tsv	354	51	153	71.23	24	ok	
579	D:\瑞安文化研究\Ruianese\張永愷書之圖\瑞安方言读音字典 (张永恺) (Z-Library)_2_页面_579.png	D:\瑞安文化研究\Ruianese\Ruianese_upload\Ruianese_Tying_Method\output\jie_yong_ki\book_ocr\page_579.txt	D:\瑞安文化研究\Ruianese\Ruianese_upload\Ruianese_Tying_Method\output\jie_yong_ki\book_ocr\page_579.tsv	459	33	164	64.04	42	ok	
580	D:\瑞安文化研究\Ruianese\張永愷書之圖\瑞安方言读音字典 (张永恺) (Z-Library)_2_页面_580.png	D:\瑞安文化研究\Ruianese\Ruianese_upload\Ruianese_Tying_Method\output\jie_yong_ki\book_ocr\page_580.txt	D:\瑞安文化研究\Ruianese\Ruianese_upload\Ruianese_Tying_Method\output\jie_yong_ki\book_ocr\page_580.tsv	519	123	234	73.11	38	ok	
581	D:\瑞安文化研究\Ruianese\張永愷書之圖\瑞安方言读音字典 (张永恺) (Z-Library)_2_页面_581.png	D:\瑞安文化研究\Ruianese\Ruianese_upload\Ruianese_Tying_Method\output\jie_yong_ki\book_ocr\page_581.txt	D:\瑞安文化研究\Ruianese\Ruianese_upload\Ruianese_Tying_Method\output\jie_yong_ki\book_ocr\page_581.tsv	556	130	234	76.89	28	ok	
582	D:\瑞安文化研究\Ruianese\張永愷書之圖\瑞安方言读音字典 (张永恺) (Z-Library)_2_页面_582.png	D:\瑞安文化研究\Ruianese\Ruianese_upload\Ruianese_Tying_Method\output\jie_yong_ki\book_ocr\page_582.txt	D:\瑞安文化研究\Ruianese\Ruianese_upload\Ruianese_Tying_Method\output\jie_yong_ki\book_ocr\page_582.tsv	370	54	159	66.90	35	ok	
583	D:\瑞安文化研究\Ruianese\張永愷書之圖\瑞安方言读音字典 (张永恺) (Z-Library)_2_页面_583.png	D:\瑞安文化研究\Ruianese\Ruianese_upload\Ruianese_Tying_Method\output\jie_yong_ki\book_ocr\page_583.txt	D:\瑞安文化研究\Ruianese\Ruianese_upload\Ruianese_Tying_Method\output\jie_yong_ki\book_ocr\page_583.tsv	397	51	185	63.53	46	ok	
584	D:\瑞安文化研究\Ruianese\張永愷書之圖\瑞安方言读音字典 (张永恺) (Z-Library)_2_页面_584.png	D:\瑞安文化研究\Ruianese\Ruianese_upload\Ruianese_Tying_Method\output\jie_yong_ki\book_ocr\page_584.txt	D:\瑞安文化研究\Ruianese\Ruianese_upload\Ruianese_Tying_Method\output\jie_yong_ki\book_ocr\page_584.tsv	427	130	222	72.79	41	ok	
585	D:\瑞安文化研究\Ruianese\張永愷書之圖\瑞安方言读音字典 (张永恺) (Z-Library)_2_页面_585.png	D:\瑞安文化研究\Ruianese\Ruianese_upload\Ruianese_Tying_Method\output\jie_yong_ki\book_ocr\page_585.txt	D:\瑞安文化研究\Ruianese\Ruianese_upload\Ruianese_Tying_Method\output\jie_yong_ki\book_ocr\page_585.tsv	320	280	245	87.80	8	ok	
586	D:\瑞安文化研究\Ruianese\張永愷書之圖\瑞安方言读音字典 (张永恺) (Z-Library)_2_页面_586.png	D:\瑞安文化研究\Ruianese\Ruianese_upload\Ruianese_Tying_Method\output\jie_yong_ki\book_ocr\page_586.txt	D:\瑞安文化研究\Ruianese\Ruianese_upload\Ruianese_Tying_Method\output\jie_yong_ki\book_ocr\page_586.tsv	228	14	123	36.18	69	review	low_confidence
587	D:\瑞安文化研究\Ruianese\張永愷書之圖\瑞安方言读音字典 (张永恺) (Z-Library)_2_页面_587.png	D:\瑞安文化研究\Ruianese\Ruianese_upload\Ruianese_Tying_Method\output\jie_yong_ki\book_ocr\page_587.txt	D:\瑞安文化研究\Ruianese\Ruianese_upload\Ruianese_Tying_Method\output\jie_yong_ki\book_ocr\page_587.tsv	728	524	506	86.43	29	ok	
588	D:\瑞安文化研究\Ruianese\張永愷書之圖\瑞安方言读音字典 (张永恺) (Z-Library)_2_页面_588.png	D:\瑞安文化研究\Ruianese\Ruianese_upload\Ruianese_Tying_Method\output\jie_yong_ki\book_ocr\page_588.txt	D:\瑞安文化研究\Ruianese\Ruianese_upload\Ruianese_Tying_Method\output\jie_yong_ki\book_ocr\page_588.tsv	573	344	249	80.78	22	ok	
589	D:\瑞安文化研究\Ruianese\張永愷書之圖\瑞安方言读音字典 (张永恺) (Z-Library)_2_页面_589.png	D:\瑞安文化研究\Ruianese\Ruianese_upload\Ruianese_Tying_Method\output\jie_yong_ki\book_ocr\page_589.txt	D:\瑞安文化研究\Ruianese\Ruianese_upload\Ruianese_Tying_Method\output\jie_yong_ki\book_ocr\page_589.tsv	470	274	287	78.93	35	ok	
590	D:\瑞安文化研究\Ruianese\張永愷書之圖\瑞安方言读音字典 (张永恺) (Z-Library)_2_页面_590.png	D:\瑞安文化研究\Ruianese\Ruianese_upload\Ruianese_Tying_Method\output\jie_yong_ki\book_ocr\page_590.txt	D:\瑞安文化研究\Ruianese\Ruianese_upload\Ruianese_Tying_Method\output\jie_yong_ki\book_ocr\page_590.tsv	598	363	366	81.14	40	ok	
591	D:\瑞安文化研究\Ruianese\張永愷書之圖\瑞安方言读音字典 (张永恺) (Z-Library)_2_页面_591.png	D:\瑞安文化研究\Ruianese\Ruianese_upload\Ruianese_Tying_Method\output\jie_yong_ki\book_ocr\page_591.txt	D:\瑞安文化研究\Ruianese\Ruianese_upload\Ruianese_Tying_Method\output\jie_yong_ki\book_ocr\page_591.tsv	291	117	171	70.73	43	ok	
592	D:\瑞安文化研究\Ruianese\張永愷書之圖\瑞安方言读音字典 (张永恺) (Z-Library)_2_页面_592.png	D:\瑞安文化研究\Ruianese\Ruianese_upload\Ruianese_Tying_Method\output\jie_yong_ki\book_ocr\page_592.txt	D:\瑞安文化研究\Ruianese\Ruianese_upload\Ruianese_Tying_Method\output\jie_yong_ki\book_ocr\page_592.tsv	407	258	279	81.18	27	ok	
593	D:\瑞安文化研究\Ruianese\張永愷書之圖\瑞安方言读音字典 (张永恺) (Z-Library)_2_页面_593.png	D:\瑞安文化研究\Ruianese\Ruianese_upload\Ruianese_Tying_Method\output\jie_yong_ki\book_ocr\page_593.txt	D:\瑞安文化研究\Ruianese\Ruianese_upload\Ruianese_Tying_Method\output\jie_yong_ki\book_ocr\page_593.tsv	595	193	361	47.98	202	ok	
594	D:\瑞安文化研究\Ruianese\張永愷書之圖\瑞安方言读音字典 (张永恺) (Z-Library)_2_页面_594.png	D:\瑞安文化研究\Ruianese\Ruianese_upload\Ruianese_Tying_Method\output\jie_yong_ki\book_ocr\page_594.txt	D:\瑞安文化研究\Ruianese\Ruianese_upload\Ruianese_Tying_Method\output\jie_yong_ki\book_ocr\page_594.tsv	405	49	212	50.19	115	ok	
595	D:\瑞安文化研究\Ruianese\張永愷書之圖\瑞安方言读音字典 (张永恺) (Z-Library)_2_页面_595.png	D:\瑞安文化研究\Ruianese\Ruianese_upload\Ruianese_Tying_Method\output\jie_yong_ki\book_ocr\page_595.txt	D:\瑞安文化研究\Ruianese\Ruianese_upload\Ruianese_Tying_Method\output\jie_yong_ki\book_ocr\page_595.tsv	486	43	232	42.72	141	review	low_confidence
596	D:\瑞安文化研究\Ruianese\張永愷書之圖\瑞安方言读音字典 (张永恺) (Z-Library)_2_页面_596.png	D:\瑞安文化研究\Ruianese\Ruianese_upload\Ruianese_Tying_Method\output\jie_yong_ki\book_ocr\page_596.txt	D:\瑞安文化研究\Ruianese\Ruianese_upload\Ruianese_Tying_Method\output\jie_yong_ki\book_ocr\page_596.tsv	433	48	194	48.05	106	ok	
597	D:\瑞安文化研究\Ruianese\張永愷書之圖\瑞安方言读音字典 (张永恺) (Z-Library)_2_页面_597.png	D:\瑞安文化研究\Ruianese\Ruianese_upload\Ruianese_Tying_Method\output\jie_yong_ki\book_ocr\page_597.txt	D:\瑞安文化研究\Ruianese\Ruianese_upload\Ruianese_Tying_Method\output\jie_yong_ki\book_ocr\page_597.tsv	892	33	325	67.76	74	ok	
598	D:\瑞安文化研究\Ruianese\張永愷書之圖\瑞安方言读音字典 (张永恺) (Z-Library)_2_页面_598.png	D:\瑞安文化研究\Ruianese\Ruianese_upload\Ruianese_Tying_Method\output\jie_yong_ki\book_ocr\page_598.txt	D:\瑞安文化研究\Ruianese\Ruianese_upload\Ruianese_Tying_Method\output\jie_yong_ki\book_ocr\page_598.tsv	952	11	338	66.04	82	ok	
599	D:\瑞安文化研究\Ruianese\張永愷書之圖\瑞安方言读音字典 (张永恺) (Z-Library)_2_页面_599.png	D:\瑞安文化研究\Ruianese\Ruianese_upload\Ruianese_Tying_Method\output\jie_yong_ki\book_ocr\page_599.txt	D:\瑞安文化研究\Ruianese\Ruianese_upload\Ruianese_Tying_Method\output\jie_yong_ki\book_ocr\page_599.tsv	652	31	240	66.73	62	ok	
600	D:\瑞安文化研究\Ruianese\張永愷書之圖\瑞安方言读音字典 (张永恺) (Z-Library)_2_页面_600.png	D:\瑞安文化研究\Ruianese\Ruianese_upload\Ruianese_Tying_Method\output\jie_yong_ki\book_ocr\page_600.txt	D:\瑞安文化研究\Ruianese\Ruianese_upload\Ruianese_Tying_Method\output\jie_yong_ki\book_ocr\page_600.tsv	716	38	227	68.67	46	ok	
601	D:\瑞安文化研究\Ruianese\張永愷書之圖\瑞安方言读音字典 (张永恺) (Z-Library)_2_页面_601.png	D:\瑞安文化研究\Ruianese\Ruianese_upload\Ruianese_Tying_Method\output\jie_yong_ki\book_ocr\page_601.txt	D:\瑞安文化研究\Ruianese\Ruianese_upload\Ruianese_Tying_Method\output\jie_yong_ki\book_ocr\page_601.tsv	745	32	226	71.73	47	ok	
602	D:\瑞安文化研究\Ruianese\張永愷書之圖\瑞安方言读音字典 (张永恺) (Z-Library)_2_页面_602.png	D:\瑞安文化研究\Ruianese\Ruianese_upload\Ruianese_Tying_Method\output\jie_yong_ki\book_ocr\page_602.txt	D:\瑞安文化研究\Ruianese\Ruianese_upload\Ruianese_Tying_Method\output\jie_yong_ki\book_ocr\page_602.tsv	853	35	326	68.07	71	ok	
603	D:\瑞安文化研究\Ruianese\張永愷書之圖\瑞安方言读音字典 (张永恺) (Z-Library)_2_页面_603.png	D:\瑞安文化研究\Ruianese\Ruianese_upload\Ruianese_Tying_Method\output\jie_yong_ki\book_ocr\page_603.txt	D:\瑞安文化研究\Ruianese\Ruianese_upload\Ruianese_Tying_Method\output\jie_yong_ki\book_ocr\page_603.tsv	702	50	242	69.01	53	ok	
604	D:\瑞安文化研究\Ruianese\張永愷書之圖\瑞安方言读音字典 (张永恺) (Z-Library)_2_页面_604.png	D:\瑞安文化研究\Ruianese\Ruianese_upload\Ruianese_Tying_Method\output\jie_yong_ki\book_ocr\page_604.txt	D:\瑞安文化研究\Ruianese\Ruianese_upload\Ruianese_Tying_Method\output\jie_yong_ki\book_ocr\page_604.tsv	488	44	190	70.12	42	ok	
605	D:\瑞安文化研究\Ruianese\張永愷書之圖\瑞安方言读音字典 (张永恺) (Z-Library)_2_页面_605.png	D:\瑞安文化研究\Ruianese\Ruianese_upload\Ruianese_Tying_Method\output\jie_yong_ki\book_ocr\page_605.txt	D:\瑞安文化研究\Ruianese\Ruianese_upload\Ruianese_Tying_Method\output\jie_yong_ki\book_ocr\page_605.tsv	637	25	225	68.30	54	ok	
606	D:\瑞安文化研究\Ruianese\張永愷書之圖\瑞安方言读音字典 (张永恺) (Z-Library)_2_页面_606.png	D:\瑞安文化研究\Ruianese\Ruianese_upload\Ruianese_Tying_Method\output\jie_yong_ki\book_ocr\page_606.txt	D:\瑞安文化研究\Ruianese\Ruianese_upload\Ruianese_Tying_Method\output\jie_yong_ki\book_ocr\page_606.tsv	778	40	257	66.63	66	ok	
607	D:\瑞安文化研究\Ruianese\張永愷書之圖\瑞安方言读音字典 (张永恺) (Z-Library)_2_页面_607.png	D:\瑞安文化研究\Ruianese\Ruianese_upload\Ruianese_Tying_Method\output\jie_yong_ki\book_ocr\page_607.txt	D:\瑞安文化研究\Ruianese\Ruianese_upload\Ruianese_Tying_Method\output\jie_yong_ki\book_ocr\page_607.tsv	542	14	195	68.49	48	ok	
608	D:\瑞安文化研究\Ruianese\張永愷書之圖\瑞安方言读音字典 (张永恺) (Z-Library)_2_页面_608.png	D:\瑞安文化研究\Ruianese\Ruianese_upload\Ruianese_Tying_Method\output\jie_yong_ki\book_ocr\page_608.txt	D:\瑞安文化研究\Ruianese\Ruianese_upload\Ruianese_Tying_Method\output\jie_yong_ki\book_ocr\page_608.tsv	416	45	174	65.41	46	ok	
609	D:\瑞安文化研究\Ruianese\張永愷書之圖\瑞安方言读音字典 (张永恺) (Z-Library)_2_页面_609.png	D:\瑞安文化研究\Ruianese\Ruianese_upload\Ruianese_Tying_Method\output\jie_yong_ki\book_ocr\page_609.txt	D:\瑞安文化研究\Ruianese\Ruianese_upload\Ruianese_Tying_Method\output\jie_yong_ki\book_ocr\page_609.tsv	277	148	194	63.10	57	ok	
610	D:\瑞安文化研究\Ruianese\張永愷書之圖\瑞安方言读音字典 (张永恺) (Z-Library)_2_页面_610.png	D:\瑞安文化研究\Ruianese\Ruianese_upload\Ruianese_Tying_Method\output\jie_yong_ki\book_ocr\page_610.txt	D:\瑞安文化研究\Ruianese\Ruianese_upload\Ruianese_Tying_Method\output\jie_yong_ki\book_ocr\page_610.tsv	293	82	164	50.82	79	ok	
611	D:\瑞安文化研究\Ruianese\張永愷書之圖\瑞安方言读音字典 (张永恺) (Z-Library)_2_页面_611.png	D:\瑞安文化研究\Ruianese\Ruianese_upload\Ruianese_Tying_Method\output\jie_yong_ki\book_ocr\page_611.txt	D:\瑞安文化研究\Ruianese\Ruianese_upload\Ruianese_Tying_Method\output\jie_yong_ki\book_ocr\page_611.tsv	145	44	80	64.25	25	ok	
612	D:\瑞安文化研究\Ruianese\張永愷書之圖\瑞安方言读音字典 (张永恺) (Z-Library)_2_页面_612.png	D:\瑞安文化研究\Ruianese\Ruianese_upload\Ruianese_Tying_Method\output\jie_yong_ki\book_ocr\page_612.txt	D:\瑞安文化研究\Ruianese\Ruianese_upload\Ruianese_Tying_Method\output\jie_yong_ki\book_ocr\page_612.tsv	86	38	50	53.99	20	ok	
613	D:\瑞安文化研究\Ruianese\張永愷書之圖\瑞安方言读音字典 (张永恺) (Z-Library)_2_页面_613.png	D:\瑞安文化研究\Ruianese\Ruianese_upload\Ruianese_Tying_Method\output\jie_yong_ki\book_ocr\page_613.txt	D:\瑞安文化研究\Ruianese\Ruianese_upload\Ruianese_Tying_Method\output\jie_yong_ki\book_ocr\page_613.tsv	549	487	409	85.63	24	ok	
614	D:\瑞安文化研究\Ruianese\張永愷書之圖\瑞安方言读音字典 (张永恺) (Z-Library)_2_页面_614.png	D:\瑞安文化研究\Ruianese\Ruianese_upload\Ruianese_Tying_Method\output\jie_yong_ki\book_ocr\page_614.txt	D:\瑞安文化研究\Ruianese\Ruianese_upload\Ruianese_Tying_Method\output\jie_yong_ki\book_ocr\page_614.tsv	194	148	147	82.02	17	ok	
615	D:\瑞安文化研究\Ruianese\張永愷書之圖\瑞安方言读音字典 (张永恺) (Z-Library)_2_页面_615.png	D:\瑞安文化研究\Ruianese\Ruianese_upload\Ruianese_Tying_Method\output\jie_yong_ki\book_ocr\page_615.txt	D:\瑞安文化研究\Ruianese\Ruianese_upload\Ruianese_Tying_Method\output\jie_yong_ki\book_ocr\page_615.tsv	404	151	197	81.39	18	ok	
616	D:\瑞安文化研究\Ruianese\張永愷書之圖\瑞安方言读音字典 (张永恺) (Z-Library)_2_页面_616.png	D:\瑞安文化研究\Ruianese\Ruianese_upload\Ruianese_Tying_Method\output\jie_yong_ki\book_ocr\page_616.txt	D:\瑞安文化研究\Ruianese\Ruianese_upload\Ruianese_Tying_Method\output\jie_yong_ki\book_ocr\page_616.tsv	336	16	166	35.05	114	review	low_confidence
